"pais","ano","PIB","felic_pais","direito_h"
"Australia","2005",38928.0407567854,7.340688229,1.733362287
"Belgium","2005",39802.9722724017,7.262290478,1.942409296
"Brazil","2005",12298.5879484653,6.636771202,-1.462717559
"Canada","2005",40471.2605251176,7.418048382,1.93005219
"Czech Republic","2005",25781.2047057911,6.439256668,1.443915713
"Denmark","2005",44567.9313092661,8.01893425,2.795352071
"Egypt","2005",8001.51654058756,5.167754173,-1.17919695
"France","2005",36505.8487338901,7.093392849,1.060127245
"Germany","2005",37703.9329399406,6.619549751,1.996222897
"Greece","2005",29559.2813870956,6.006309986,0.68534645
"Hungary","2005",22452.8159282563,5.193933487,1.102078375
"Iran","2005",15616.2546585476,5.308190346,-1.719362492
"Italy","2005",37604.360624075,6.853783607,1.251757611
"Japan","2005",35658.1486655825,6.515817165,2.010052816
"Jordan","2005",8799.58995597642,6.294660091,0.128720196
"Lebanon","2005",12269.3209716692,5.49124527,-0.323940016
"Mexico","2005",15791.537030606,6.580657959,-0.880617154
"Netherlands","2005",43507.3004303623,7.463979244,3.670481675
"Pakistan","2005",4013.42703325029,5.224657536,-1.923846951
"Poland","2005",17193.5237317708,5.587209225,1.493792484
"Romania","2005",14582.5743141039,5.048648357,0.212547918
"Saudi Arabia","2005",45538.4979692735,7.079644203,-0.348337429
"Spain","2005",32901.9877322306,7.152785778,0.610570685
"Sweden","2005",41227.308712458,7.376315594,2.459540962
"Turkey","2005",16309.6832526955,4.718733788,-1.046166694
"United Kingdom","2005",37159.7989562295,6.983556747,0.75722947
"Venezuela","2005",14948.1251071126,7.169620991,-1.115838474
"Argentina","2006",16592.264892395,6.312925339,0.450608355
"Armenia","2006",6110.22619140708,4.289310932,0.408173831
"Austria","2006",42498.0073262324,7.122211456,1.355668179
"Azerbaijan","2006",10711.1822716451,4.727870941,-0.264013204
"Bangladesh","2006",2031.27129311695,4.318909168,-1.608562271
"Belarus","2006",12410.3297796792,5.657649994,-0.036390884
"Benin","2006",1752.95773973829,3.329801559,0.547463386
"Bolivia","2006",4836.43252875394,5.373986244,0.402180749
"Botswana","2006",12362.9291865381,4.739367008,1.14322078
"Burkina Faso","2006",1305.92487685024,3.801490784,0.201897502
"Cambodia","2006",2148.33268830403,3.568744659,-0.684520005
"Cameroon","2006",2848.72465800691,3.851072073,-0.826715587
"Chad","2006",1743.61785104156,3.434800625,-1.346092499
"Chile","2006",17890.5997209251,6.062851906,1.619999828
"China","2006",6411.0425444815,4.560495377,-1.60274346
"Colombia","2006",9760.13492630678,6.024942875,-2.25217919
"Costa Rica","2006",11656.2142927348,7.082465172,1.742507389
"Cyprus","2006",34599.024510009,6.237958431,1.16487084
"Dominican Republic","2006",9697.82317584018,5.087967873,-0.616143055
"Ecuador","2006",8837.38068581679,5.02419138,-0.301429728
"El Salvador","2006",6166.29637639285,5.700929642,-0.023963153
"Estonia","2006",25298.6460499249,5.371054649,1.841155941
"Finland","2006",40546.0807261049,7.672449112,2.929988978
"France","2006",37113.1834120459,6.582700253,1.180624309
"Georgia","2006",5432.07754056497,3.675108433,-0.295304343
"Ghana","2006",2632.02782784559,4.535019875,0.222780335
"Guatemala","2006",6458.00089052801,5.901429176,-0.481350781
"Haiti","2006",1572.30243476809,3.754156113,-0.742382275
"Honduras","2006",3852.21373403826,5.396519661,-0.327041001
"India","2006",3419.93110735393,5.348258972,-1.917686659
"Indonesia","2006",7102.11454033631,4.946978092,-1.035356821
"Ireland","2006",47879.0236108627,7.144246578,2.136702033
"Israel","2006",27662.3457586937,7.173417091,-1.66938224
"Jamaica","2006",8605.46006923613,6.207881927,-0.413546675
"Kazakhstan","2006",17541.3257707568,5.475948334,-0.033753645
"Kenya","2006",2303.83126354822,4.223234177,-1.191348747
"Kuwait","2006",96244.3367147652,6.075547218,1.004369245
"Kyrgyzstan","2006",2417.57947078108,4.641398907,0.024863633
"Laos","2006",3328.34598025039,5.076225758,-0.351875358
"Latvia","2006",19786.2214213667,4.70950222,1.424532177
"Lebanon","2006",12243.7880937944,4.653103828,-0.254912503
"Lithuania","2006",20219.1157060614,5.954442978,1.946781388
"Madagascar","2006",1417.27858258664,3.979751348,0.540506184
"Malawi","2006",854.158164374392,3.829868078,-0.053807595
"Malaysia","2006",19251.3354514163,6.011716843,0.340191369
"Mali","2006",1783.11032640616,4.014075756,1.016124256
"Moldova","2006",3476.03340968826,5.102071285,0.331761152
"Mozambique","2006",791.927644030124,4.594879627,-0.235927399
"Nepal","2006",1720.85344101366,4.566594601,-2.402281827
"New Zealand","2006",31768.8637917327,7.305014133,2.806371596
"Nicaragua","2006",3864.69348550989,4.460158348,0.437736275
"Niger","2006",778.129080463175,3.736951828,0.451247649
"Nigeria","2006",4374.28442282548,4.709745884,-1.815732616
"Norway","2006",63854.1135353232,7.415682316,3.928852896
"Panama","2006",12735.5570188441,6.127988338,1.684182433
"Paraguay","2006",6318.75078855094,4.730082035,-0.047119624
"Peru","2006",8067.89867793666,4.810845375,0.205466856
"Philippines","2006",4941.59893100572,4.669945717,-1.924444743
"Portugal","2006",26957.6363702978,5.405246258,1.175474833
"Russia","2006",20970.1899029846,4.963742733,-1.810230003
"Rwanda","2006",1113.57136067419,4.21470356,-0.142277429
"Senegal","2006",2102.47524076867,4.417352676,0.216418662
"Sierra Leone","2006",1070.3476085678,3.628185034,0.2835953
"Singapore","2006",65386.1354632428,6.462702751,1.564815416
"Slovakia","2006",21712.1783648146,5.264676571,1.487411076
"Slovenia","2006",28389.3382006689,5.811264515,2.500998623
"South Africa","2006",11261.9597607127,5.083986759,-0.657484701
"South Korea","2006",26697.0326128912,5.332177639,1.249388282
"Sri Lanka","2006",6921.24594431401,4.344610691,-2.023781083
"Switzerland","2006",54531.9936996731,7.473252773,1.486027833
"Tajikistan","2006",1788.11093580258,4.613099098,-0.160727985
"Tanzania","2006",1847.60265095969,3.922484159,0.018520035
"Thailand","2006",12024.6718264241,5.88543272,-1.719885926
"Togo","2006",1195.74022905956,3.202429295,-0.640940726
"Trinidad and Tobago","2006",29777.5670461916,5.832188606,0.491327032
"Uganda","2006",1308.42164438425,3.733583927,-1.71222694
"Ukraine","2006",7828.08117885872,4.803954124,-0.146252102
"United Arab Emirates","2006",88086.3573793506,6.734221935,1.12332273
"United States","2006",50598.9483595843,7.18179369,-0.142301184
"Uruguay","2006",13485.5548667809,5.785868168,2.375721606
"Uzbekistan","2006",3253.221058874,5.232322216,-0.720906068
"Venezuela","2006",16149.480337739,6.525146008,-1.142258481
"Vietnam","2006",3609.68303701039,5.293659687,-0.145972434
"Zambia","2006",2607.13277632234,4.824454784,-0.313135152
"Zimbabwe","2006",1582.40911717391,3.826268435,-1.486410181
"Albania","2007",8754.56951284933,4.634251595,0.700291436
"Argentina","2007",17900.7063421587,6.073158264,0.556203459
"Armenia","2007",7010.62705596386,4.881515503,0.082876474
"Australia","2007",40680.1896301231,7.285390854,1.962926588
"Azerbaijan","2007",13243.2128559113,4.56815958,-0.3612498
"Bangladesh","2007",2148.47399345425,4.607322216,-1.598896469
"Belarus","2007",13539.6027721537,5.616976261,-0.031223676
"Belgium","2007",41623.4417399595,7.218839645,1.964437895
"Belize","2007",7902.7724669072,6.450644493,0.811912483
"Bolivia","2007",4972.49627024362,5.628419399,0.489963179
"Bosnia and Herzegovina","2007",9278.97388549683,4.899806976,1.046028363
"Brazil","2007",13268.41390244,6.320672989,-1.325999074
"Bulgaria","2007",14463.1832606638,3.843797922,0.563133477
"Burkina Faso","2007",1338.83837475586,4.017130375,0.190058922
"Cambodia","2007",2332.72684570598,4.15597105,-0.81887056
"Cameroon","2007",2907.82660691982,4.349939346,-0.702276558
"Canada","2007",41647.3878092126,7.481752872,1.831102484
"Central African Republic","2007",857.079296510317,4.160129547,-1.598875472
"Chad","2007",1741.48705571567,4.141326904,-1.35338388
"Chile","2007",18572.5683881681,5.697929859,1.504343014
"China","2007",7285.27441480908,4.86286211,-1.522491557
"Colombia","2007",10306.9474882958,6.138411522,-2.125066774
"Costa Rica","2007",12433.2015967063,7.432132244,1.639557504
"Croatia","2007",21560.5309637157,5.820907593,2.147768451
"Czech Republic","2007",28844.0671946539,6.500194073,1.91219203
"Denmark","2007",46373.5166625592,7.834233284,2.624012092
"Dominican Republic","2007",10271.2212866926,5.081305981,-0.709357135
"Ecuador","2007",8879.63685410589,4.995875359,-0.214178991
"Egypt","2007",8838.52479551261,5.540510654,-1.030254294
"El Salvador","2007",6253.15152049523,5.295535088,-0.051729912
"Estonia","2007",27383.4695578858,5.332044125,1.767510602
"Georgia","2007",6183.34349236755,3.707194567,-0.268901432
"Germany","2007",40473.5274498896,6.416819572,2.526119226
"Ghana","2007",2675.44354385531,5.220148087,0.166582135
"Greece","2007",32073.9603960134,6.646961212,0.445733916
"Guatemala","2007",6713.1464445112,6.329581261,-0.28305989
"Guyana","2007",5308.38798486525,5.992826462,0.414691031
"Honduras","2007",4002.20516646456,5.09715414,-0.381570149
"Hungary","2007",23491.7478872702,4.953917027,1.211279752
"India","2007",3698.77749042629,5.02679348,-1.94612213
"Indonesia","2007",7450.60215836214,5.101213932,-0.884046783
"Iran","2007",17338.1264807958,5.336371422,-1.863074615
"Israel","2007",28744.3565597032,6.841114998,-1.626313082
"Italy","2007",38612.0116543642,6.574412346,1.119404299
"Japan","2007",36697.2408992343,6.238197803,2.189969062
"Jordan","2007",9493.47749794848,5.59805727,-0.320237065
"Kazakhstan","2007",18885.2432361362,5.718553543,-0.061682857
"Kenya","2007",2394.83764423226,4.575657845,-1.305061174
"Kyrgyzstan","2007",2599.20601763553,4.697761536,0.046518269
"Laos","2007",3520.74500468814,5.363854885,-0.14991953
"Latvia","2007",21939.0743549416,4.666971684,1.345439214
"Liberia","2007",656.871761987963,3.701401234,0.128397829
"Lithuania","2007",22729.2136062761,5.80828476,1.993456869
"Macedonia","2007",10480.624256573,4.493598461,0.754218816
"Malawi","2007",908.3108488928,4.89103651,0.032064571
"Malaysia","2007",20093.2686931332,6.238904476,0.376919772
"Mauritania","2007",3448.64870958749,4.149043083,0.037383055
"Mexico","2007",16371.7515483187,6.525378227,-0.963279015
"Moldova","2007",3588.62131768509,4.774918079,0.348144935
"Mongolia","2007",7055.13810569901,4.609059334,0.236443709
"Montenegro","2007",13602.5879682473,5.196315289,1.074881017
"Mozambique","2007",826.162668025628,4.832634926,-0.24348848
"Namibia","2007",8097.5508536234,4.885587215,0.937479212
"Nepal","2007",1760.94570813253,4.74828434,-1.379166918
"Netherlands","2007",46527.6183857825,7.451879501,3.478608674
"New Zealand","2007",32657.5800830811,7.604173183,2.908301087
"Nicaragua","2007",4008.00836144647,4.944090843,0.580868637
"Niger","2007",773.269935586984,4.277402401,-0.230992098
"Nigeria","2007",4551.60543389646,4.890419483,-1.744997596
"Pakistan","2007",4288.33146300042,5.671460629,-2.026755983
"Panama","2007",14006.1727650097,6.894139767,1.688481741
"Paraguay","2007",6568.25323119894,5.272461414,-0.020163258
"Peru","2007",8649.08066302637,5.213962078,0.486052774
"Philippines","2007",5181.00346755226,5.073562145,-1.877194151
"Poland","2007",19563.2976317127,5.886137486,1.462743052
"Romania","2007",17190.955929274,5.393723965,0.175375287
"Russia","2007",22798.9708291525,5.222867489,-1.768369612
"Saudi Arabia","2007",45130.1395601036,7.266694069,-0.682005038
"Senegal","2007",2147.44003823346,4.679986954,0.166386029
"Sierra Leone","2007",1124.54118131593,3.585127354,0.402777487
"Singapore","2007",68432.6855468307,6.833754539,1.759234043
"South Africa","2007",11741.3531497987,5.204454422,-0.79733336
"South Korea","2007",28013.7044173449,5.76727581,1.206928069
"Spain","2007",34329.6470032958,6.994614601,0.681690622
"Sri Lanka","2007",7339.19707295823,4.414805412,-2.062151427
"Sweden","2007",44051.4676089092,7.241362572,2.44725914
"Tajikistan","2007",1886.66563026491,4.431608677,-0.116272221
"Tanzania","2007",1942.48861633205,4.317949772,0.084368985
"Thailand","2007",12607.081108633,5.783891201,-1.65775401
"Turkey","2007",17901.4779322987,5.623471737,-1.06937393
"Uganda","2007",1370.27459538552,4.45583868,-1.34500029
"Ukraine","2007",8497.05949643502,5.25218153,-0.22163289
"United Kingdom","2007",38384.2519713226,6.801930904,1.114874003
"United States","2007",51011.4250263085,7.512687683,-0.063821369
"Uruguay","2007",14330.2947195051,5.693945885,2.489775849
"Vietnam","2007",3831.24321744876,5.421687603,-0.197678063
"Yemen","2007",4192.2109860541,4.477132797,-1.158642725
"Zambia","2007",2748.85804755073,3.998293161,-0.241018825
"Zimbabwe","2007",1501.07838447057,3.280246735,-1.564191929
"Afghanistan","2008",1298.14315888036,3.723589897,-2.094053121
"Argentina","2008",18436.8624668727,5.961034298,0.492192206
"Armenia","2008",7558.36164780203,4.651972294,-0.105545189
"Australia","2008",41331.5279733539,7.253757477,1.971838608
"Austria","2008",44441.7885303671,7.180953979,1.443189842
"Azerbaijan","2008",14364.9942336723,4.817189217,-0.302481611
"Bangladesh","2008",2252.16873338547,5.052278519,-1.532536331
"Belarus","2008",14972.2694585184,5.463332176,-0.104521828
"Belgium","2008",41619.3400813337,7.116590977,1.922627576
"Benin","2008",1841.18844650837,3.66713953,0.43334137
"Bolivia","2008",5191.13190436962,5.297872543,0.54623415
"Botswana","2008",13768.3384387427,5.451147079,1.188540326
"Brazil","2008",13802.8179924238,6.691424847,-1.2714955
"Burkina Faso","2008",1393.69699328809,3.846438885,0.170945404
"Burundi","2008",759.339932485036,3.563227654,-1.32266146
"Cambodia","2008",2452.2781590927,4.462163925,-0.727648165
"Cameroon","2008",2927.84464777934,4.291800499,-0.748943429
"Canada","2008",41611.2508139689,7.485603809,1.863785148
"Chad","2008",1736.9191731815,4.632468224,-1.507381213
"Chile","2008",19031.6164297818,5.789438725,1.061876604
"China","2008",7947.78795240087,4.84629488,-1.596341588
"Colombia","2008",10547.2603938218,6.168395042,-2.080071758
"Congo","2008",4730.0337965244,3.819792271,0.069620509
"Costa Rica","2008",12834.9361639356,6.850679874,1.521638882
"Denmark","2008",45865.7959577936,7.970891953,2.486476426
"Dominican Republic","2008",10455.4832082501,4.84230566,-0.935505175
"Ecuador","2008",9285.8644065728,5.296513081,-0.072358621
"Egypt","2008",9305.41495471612,4.631741047,-1.035830877
"El Salvador","2008",6358.13298149425,5.191493988,0.018670428
"Estonia","2008",25968.9728072711,5.451937675,1.885109477
"Finland","2008",42574.6411365042,7.67062664,2.854754298
"France","2008",37618.2073423763,7.008064747,1.44493266
"Georgia","2008",6408.06033535279,4.15609026,-0.227651524
"Germany","2008",40989.4431148599,6.521790028,2.556643944
"Ghana","2008",2845.23455162685,4.965134621,0.088486653
"Guatemala","2008",6781.89963683618,6.414494514,-0.043399144
"Haiti","2008",1588.67796790177,3.846329212,-0.047579653
"Honduras","2008",4084.29869915323,5.420331001,-0.441335103
"Iceland","2008",43334.9005218537,6.888284206,4.89032923
"India","2008",3786.63267681153,5.145833015,-1.938797658
"Indonesia","2008",7792.62993124944,4.815309525,-0.708747348
"Iran","2008",17187.287626522,5.128988266,-1.885567215
"Iraq","2008",12217.4484631342,4.589844704,-2.293718081
"Ireland","2008",46062.6286354214,7.568029881,2.119211715
"Israel","2008",29082.0688545181,7.261261463,-1.687694974
"Italy","2008",37954.1606640052,6.779774189,1.005082222
"Japan","2008",36278.3694728356,5.91067934,2.144021833
"Jordan","2008",9714.78233696228,4.930058002,-0.474545133
"Kazakhstan","2008",19272.2140104254,5.886419773,-0.049505461
"Kenya","2008",2335.25240659113,4.015274525,-1.312757034
"Kyrgyzstan","2008",2790.93490017638,4.736588001,0.249916136
"Laos","2008",3732.00753346492,5.044098854,0.662356926
"Latvia","2008",21384.3134623671,5.145375252,1.242994851
"Lebanon","2008",14597.6257552497,4.594851017,-0.203628816
"Liberia","2008",674.984836775238,4.221354008,0.173836497
"Lithuania","2008",23567.7027097214,5.553925991,1.922024497
"Madagascar","2008",1523.01987327079,4.640079021,0.372126003
"Malaysia","2008",20687.1311182996,5.806781769,0.443999466
"Mali","2008",1808.88762645838,4.114664078,0.87269377
"Mauritania","2008",3388.83543285186,4.248075008,0.005363524
"Mexico","2008",16293.0312963038,6.829036236,-1.061026185
"Moldova","2008",3875.90436411118,5.502756119,0.237408636
"Mongolia","2008",7576.48136329836,4.493010044,0.162426144
"Mozambique","2008",857.526881720011,4.65358305,-0.233528923
"Nepal","2008",1850.0250412581,4.440526485,-1.333303715
"Netherlands","2008",47134.3029916063,7.631011963,3.349045482
"New Zealand","2008",31881.1215825182,7.38117075,3.089752293
"Nicaragua","2008",4092.06141219441,5.103827477,0.461517148
"Niger","2008",816.236289639641,4.235657215,-0.339568141
"Nigeria","2008",4710.55465978387,4.938560486,-1.838994069
"Norway","2008",64586.1779018675,7.632287502,3.841631051
"Pakistan","2008",4273.03512307329,4.413918972,-2.061590662
"Panama","2008",15113.2544161645,6.930903435,1.55251475
"Paraguay","2008",6892.40935423393,5.570061684,0.054570469
"Peru","2008",9323.3539382107,5.129230976,0.421532753
"Philippines","2008",5309.44218816514,4.589065075,-1.832218957
"Portugal","2008",27590.3749475111,5.716966629,1.170425758
"Russia","2008",24005.9966846095,5.61875391,-1.672970173
"Rwanda","2008",1263.51109715284,4.362988949,0.015246958
"Saudi Arabia","2008",46678.5535324512,6.811370373,-0.811989077
"Senegal","2008",2166.24105005464,4.683499813,0.162228843
"Sierra Leone","2008",1156.41938302148,2.997251034,0.473906645
"Singapore","2008",66046.14738518,6.641956806,1.886222217
"South Africa","2008",11989.8600536776,5.346306801,-0.755957702
"South Korea","2008",28588.3721177634,5.389624596,1.155621728
"Spain","2008",34163.9463911854,7.294472694,0.791329278
"Sri Lanka","2008",7723.23923297697,4.430846214,-2.027154082
"Sweden","2008",43466.1418421499,7.51599741,2.443373029
"Tajikistan","2008",1991.89316190828,5.063986778,0.014337532
"Tanzania","2008",1986.91495448207,4.384741783,0.109130643
"Thailand","2008",12757.1578402025,5.636471272,-1.533493235
"Togo","2008",1184.60185124385,2.807855129,-0.081730176
"Trinidad and Tobago","2008",31951.0205997441,6.696444035,0.507767654
"Turkey","2008",17836.8051929596,5.118231773,-1.04554343
"Uganda","2008",1439.11054752477,4.568619251,-1.148006952
"Ukraine","2008",8739.68607684231,5.172380447,-0.265583258
"United Kingdom","2008",37903.3819323998,6.986463547,1.173757329
"United States","2008",50383.8405601926,7.280385971,-0.003182131
"Uruguay","2008",15307.8579539355,5.663869858,2.500253359
"Uzbekistan","2008",3781.52895693245,5.311368465,-0.433643526
"Venezuela","2008",17897.0984623898,6.257771492,-1.034880644
"Vietnam","2008",4009.95932073598,5.480425358,-0.279258918
"Zambia","2008",2881.81182531237,4.730263233,-0.31919413
"Zimbabwe","2008",1215.02041586687,3.174263716,-1.680612115
"Afghanistan","2009",1531.17399271735,4.401778221,-2.043374177
"Albania","2009",9524.64930321377,5.485469818,0.914852017
"Argentina","2009",17168.3789365496,6.424133301,0.380667298
"Armenia","2009",6532.96423059787,4.177581787,-0.121252275
"Azerbaijan","2009",15393.8932908055,4.573725224,-0.314006529
"Bahrain","2009",40717.1804076523,5.700523376,1.129252785
"Bangladesh","2009",2339.86576916766,5.08285141,-1.483954659
"Belarus","2009",15035.6996456718,5.56413126,-0.123821089
"Bolivia","2009",5278.03826758065,6.085579395,0.739724629
"Bosnia and Herzegovina","2009",9573.73887363665,4.963477135,1.009955714
"Brazil","2009",13649.8658402957,7.000831604,-1.262231429
"Burundi","2009",760.061723427025,3.791680813,-1.043806385
"Cambodia","2009",2417.87628133189,4.110625744,-0.576555954
"Cameroon","2009",2911.29666861693,4.741408348,-0.390286258
"Canada","2009",39924.1959013064,7.48782444,2.066152115
"Chad","2009",1752.11993132482,3.639445066,-1.386078893
"Chile","2009",18547.4615343093,6.493686199,0.96771145
"China","2009",8651.72590128034,4.454360962,-1.614472423
"Colombia","2009",10599.9626049907,6.271604538,-1.988037303
"Comoros","2009",1415.84568986876,3.47602725,1.814071721
"Costa Rica","2009",12543.9779041253,7.614928722,1.454891966
"Cote d'Ivoire","2009",2698.55434934798,4.197181702,-1.25374805
"Croatia","2009",20410.4241516193,5.433319569,2.274826187
"Cyprus","2009",34387.348365288,6.833477497,1.408562486
"Democratic Republic of Congo","2009",637.275148782525,3.983848572,-2.439256509
"Denmark","2009",43382.6254590015,7.683358669,2.451992564
"Dominican Republic","2009",10412.6009980459,5.431613922,-0.990934334
"Ecuador","2009",9183.55255782892,6.021803379,0.052936044
"Egypt","2009",9561.84756856866,5.066164494,-1.088733099
"El Salvador","2009",6198.30449948129,6.839087009,0.055544442
"Estonia","2009",22187.9264018728,5.137738705,2.050564675
"France","2009",36324.3615384237,6.283498287,1.547838889
"Georgia","2009",6254.86760822712,3.800639153,0.045840362
"Germany","2009",38784.4524824906,6.64149332,2.646054456
"Ghana","2009",2907.54693340227,4.197695732,0.023383535
"Greece","2009",30430.419418438,6.038574696,0.466191391
"Guatemala","2009",6669.99987459337,6.451916218,-0.000565488
"Honduras","2009",3904.45951854827,6.033189297,-0.713139494
"Hungary","2009",22202.1570188671,4.894600391,1.357762613
"India","2009",4049.80511471348,4.521517754,-1.935565497
"Indonesia","2009",8044.97033037879,5.472361088,-0.674969187
"Iraq","2009",12299.4004613796,4.775316715,-1.953819683
"Ireland","2009",43487.4790259755,7.045911312,2.197582453
"Israel","2009",28787.4986881339,7.352979183,-1.700873346
"Italy","2009",35710.4200015019,6.333800316,0.834603808
"Japan","2009",34317.670824811,5.844999313,2.049123335
"Jordan","2009",9749.14362822382,5.999859333,-0.48554974
"Kazakhstan","2009",18995.8948521567,5.382563114,-0.101456439
"Kenya","2009",2347.19799206794,4.270434856,-1.145938904
"Kuwait","2009",81922.5371179812,6.585246086,0.952359675
"Kyrgyzstan","2009",2837.03141885562,5.06905365,-0.042009517
"Latvia","2009",18609.3328365261,4.668910503,1.237495187
"Lebanon","2009",15788.407323114,5.205998898,-0.092294271
"Lithuania","2009",20300.5037488854,5.466920853,1.707686142
"Luxembourg","2009",89098.7342435384,6.957920074,5.105187419
"Macedonia","2009",10995.1017943634,4.428021908,0.877949655
"Malawi","2009",996.245268543493,5.148239613,0.23295236
"Malaysia","2009",20009.1992810828,5.384701729,0.463221822
"Mali","2009",1832.80808109145,3.976598501,0.91188561
"Malta","2009",27529.1929675627,6.32763958,2.270562684
"Mauritania","2009",3259.07635021784,4.500431538,0.038440975
"Mexico","2009",15185.5373863453,6.962819099,-1.154730733
"Moldova","2009",3647.9522995366,5.554374218,0.057463628
"Montenegro","2009",13686.1000631178,4.8010602,1.204234715
"Nepal","2009",1914.70596870326,4.91686821,-1.272842851
"Nicaragua","2009",3906.98910729919,5.352804661,0.26087936
"Niger","2009",780.419696448008,4.267169952,-0.201024134
"Nigeria","2009",4904.92094626372,4.980220318,-1.917095653
"Pakistan","2009",4304.46917151952,5.208146572,-2.194663314
"Panama","2009",15031.2992316266,7.033740044,1.485858202
"Paraguay","2009",6531.88641086245,5.576147079,0.299802332
"Peru","2009",9308.6747887501,5.518846989,0.309508533
"Philippines","2009",5284.86526060313,4.879910946,-1.790563092
"Poland","2009",20952.8016743906,5.772027493,1.455260963
"Qatar","2009",117064.859658008,6.417824268,1.857252598
"Romania","2009",17954.1312356988,5.367565155,0.259343358
"Russia","2009",22121.8524916537,5.158227921,-1.657862034
"Rwanda","2009",1306.22755042019,4.029761791,-0.134524186
"Saudi Arabia","2009",44481.4717570939,6.14759016,-0.964837526
"Senegal","2009",2157.397796523,4.335114002,0.085201534
"Singapore","2009",63697.2914292975,6.144676685,1.866065302
"Slovenia","2009",28451.5455225073,5.830160618,2.837261051
"South Africa","2009",11676.0449366292,5.218430996,-0.732461851
"South Korea","2009",28642.8379022063,5.647689819,1.207448162
"Spain","2009",32652.5121822546,6.198601246,1.114149657
"Sri Lanka","2009",7945.07181659882,4.212026596,-2.090357834
"Sudan","2009",3338.22897790026,4.454917431,-2.905922312
"Sweden","2009",40862.9701317373,7.265977383,2.448093308
"Switzerland","2009",54805.5792896896,7.524520874,1.694853333
"Tajikistan","2009",2022.46098258312,4.575174809,0.155374285
"Tanzania","2009",2028.60981325381,3.407507896,0.214806598
"Thailand","2009",12605.373118766,5.475645065,-1.447792735
"Tunisia","2009",10195.576513237,5.025470257,-0.286929307
"Turkey","2009",16783.4414679524,5.212841511,-0.968415578
"Turkmenistan","2009",9248.88654876926,6.567713261,-0.151217217
"Uganda","2009",1485.02708520148,4.611985683,-1.103372485
"Ukraine","2009",7479.34216961634,5.1656394,-0.270873536
"United Arab Emirates","2009",60769.8610283776,6.866062641,1.270253663
"United Kingdom","2009",36042.424228706,6.90654707,1.251688012
"United States","2009",48557.8676445276,7.158032417,0.030222248
"Uruguay","2009",15900.8292562752,6.296222687,2.420386673
"Uzbekistan","2009",4019.43579284453,5.26072073,-0.444844948
"Venezuela","2009",17053.9313125971,7.188803196,-0.975655674
"Vietnam","2009",4185.01979241841,5.304264545,-0.180249235
"Yemen","2009",4272.81166532081,4.809258938,-1.519622122
"Zambia","2009",3060.06778933748,5.260360718,-0.383284155
"Zimbabwe","2009",1336.21264373536,4.055914402,-1.473358789
"Afghanistan","2010",1614.25500126115,4.75838089,-2.005645435
"Albania","2010",9927.18184117512,5.268936634,0.911754965
"Algeria","2010",12870.6026985154,5.46356678,-0.01621064
"Argentina","2010",18712.0630773436,6.441067219,0.414359317
"Armenia","2010",6702.84800627941,4.367811203,-0.131142567
"Australia","2010",41464.0400696359,7.450047016,1.86433934
"Austria","2010",43336.1978527647,7.302678585,1.688749623
"Azerbaijan","2010",15950.2574578783,4.218610764,-0.385609587
"Bahrain","2010",40570.5356928307,5.936869144,0.126361973
"Bangladesh","2010",2442.72888765696,4.858481407,-1.409289728
"Belarus","2010",16235.1714534334,5.525923252,-0.132332111
"Belgium","2010",41085.9189401366,6.853514194,2.016158173
"Bolivia","2010",5407.47022023569,5.780620098,0.717371563
"Bosnia and Herzegovina","2010",9720.34217718095,4.66851759,1.03089192
"Botswana","2010",13334.1987970857,3.553020239,1.559607405
"Brazil","2010",14537.5671930903,6.837331295,-1.245992201
"Bulgaria","2010",15283.2914751664,3.912276268,0.779019839
"Burkina Faso","2010",1423.37770598198,4.035560608,0.206767936
"Cambodia","2010",2522.92682475402,4.141072273,-0.489886472
"Cameroon","2010",2929.82911281962,4.554256916,-0.294067377
"Canada","2010",40699.3551293841,7.650346279,2.115208087
"Central African Republic","2010",881.144550791663,3.567892551,-1.599518589
"Chad","2010",1925.19511802507,3.742871046,-1.11906742
"Chile","2010",19442.0503154635,6.63565588,1.005443159
"China","2010",9525.81848339164,4.652736664,-1.607408214
"Colombia","2010",10900.5052821616,6.40811348,-1.856497531
"Comoros","2010",1412.50268663997,3.81219101,1.891326436
"Costa Rica","2010",12999.9921931442,7.271053791,1.47276216
"Croatia","2010",20171.9575294867,5.595575333,2.294279544
"Cyprus","2010",33941.1380158355,6.386546135,1.398853795
"Czech Republic","2010",28352.9493964403,6.249617577,2.623814455
"Denmark","2010",43998.4366716285,7.770515442,2.677819814
"Dominican Republic","2010",11132.5526905467,4.735021114,-0.921498509
"Ecuador","2010",9352.34423681593,5.838051319,0.221157965
"Egypt","2010",9857.46828190066,4.668916225,-1.210441915
"El Salvador","2010",6300.77538777337,6.739911079,0.085897117
"Finland","2010",39848.1344978775,7.393264294,2.896599883
"France","2010",36855.8446824064,6.797901154,1.605853293
"Georgia","2010",6733.78376130988,4.101837158,0.022843976
"Germany","2010",40428.7210307617,6.724531174,2.662805282
"Ghana","2010",3059.38362640541,4.606251717,-0.0759767
"Greece","2010",28726.0792836873,5.839558601,0.598958506
"Guatemala","2010",6714.0635955465,6.289748669,0.05648598
"Haiti","2010",1502.03271141224,3.76599884,0.140150531
"Honduras","2010",3971.18299352727,5.866131306,-0.561877934
"Hungary","2010",22404.2391969471,4.725132465,1.32739028
"India","2010",4404.69700530387,4.989277363,-1.920099344
"Indonesia","2010",8433.49735678452,5.457299232,-0.572732438
"Iraq","2010",12717.5975271684,5.065462112,-1.848586901
"Ireland","2010",44030.4141487055,7.257389545,2.245825369
"Israel","2010",29743.0058727916,7.358916283,-1.536817837
"Italy","2010",36201.1615672134,6.354238033,0.926403332
"Japan","2010",35749.7566788784,6.056752682,1.893273774
"Jordan","2010",9472.76832624669,5.569942474,-0.479638166
"Kazakhstan","2010",20096.5597617591,5.514286518,-0.266695445
"Kenya","2010",2476.01074216401,4.255859375,-0.928025443
"Kuwait","2010",75204.145116617,6.798151016,0.878252384
"Kyrgyzstan","2010",2790.17066394311,4.996410847,-0.563818081
"Lebanon","2010",16451.7598336606,5.031899452,-0.123603388
"Liberia","2010",699.653721510599,4.196063042,0.366003601
"Lithuania","2010",21070.6343301646,5.065824986,1.634917404
"Luxembourg","2010",91743.2938905974,7.097251892,5.100945278
"Macedonia","2010",11355.3674926425,4.180202007,0.828062141
"Malaysia","2010",21107.2679372523,5.580281734,0.415376713
"Mali","2010",1871.98474385098,3.762305021,0.918055613
"Malta","2010",28364.7993209208,5.77387476,2.355019718
"Mauritania","2010",3316.97478042489,4.772306919,0.132921215
"Mexico","2010",15715.9721449501,6.802388668,-1.205343646
"Moldova","2010",3910.86053324527,5.589736462,0.096247807
"Mongolia","2010",7708.59999413593,4.585523605,0.474161942
"Montenegro","2010",14034.5845640087,5.455030441,1.310580503
"Morocco","2010",6443.25361319481,4.383247375,-0.226684888
"Nepal","2010",1985.98034060169,4.349675179,-1.082375914
"Netherlands","2010",45524.6621425733,7.501875877,3.271315547
"New Zealand","2010",32119.2155430773,7.223756313,3.298518031
"Nicaragua","2010",4028.71208738128,5.68669939,0.128965926
"Niger","2010",814.240936151832,4.101016045,-0.089196846
"Nigeria","2010",5150.15881822763,4.760275841,-2.053989198
"Pakistan","2010",4283.60731163635,5.786132813,-2.343515178
"Panama","2010",15628.5922438738,7.3214674,1.146531775
"Paraguay","2010",7289.51391005233,5.841174126,0.297958535
"Peru","2010",9956.55663668307,5.612785339,0.198693566
"Philippines","2010",5596.83728794962,4.941514015,-1.731562109
"Poland","2010",21770.6444359772,5.887029648,1.479108958
"Portugal","2010",27238.4606724422,5.094525814,1.195695119
"Qatar","2010",125140.838348001,6.849652767,1.92060721
"Romania","2010",17553.2832966444,4.909165859,0.503550507
"Russia","2010",23107.7852212759,5.384773254,-1.576105541
"Saudi Arabia","2010",45421.2284797446,6.307098389,-0.885358899
"Senegal","2010",2183.99505141766,4.372156143,0.115268647
"Sierra Leone","2010",1199.98985027502,4.133955956,0.497875554
"Singapore","2010",72115.8395014504,6.531401634,1.830320867
"Slovakia","2010",25159.0775487579,6.052223206,1.571688602
"Slovenia","2010",28678.3726303687,6.082555294,2.866201397
"South Africa","2010",11887.8050343927,4.652428627,-0.717413518
"South Korea","2010",30352.1048190303,6.116024494,1.4675885
"Spain","2010",32507.0939660629,6.188262463,1.408245901
"Sri Lanka","2010",8529.57144219453,3.976905107,-1.849224342
"Sudan","2010",3366.09626107549,4.435159683,-2.842734986
"Sweden","2010",42942.5625032962,7.496018887,2.474644045
"Tajikistan","2010",2106.33875580206,4.380636215,0.15806374
"Tanzania","2010",2090.58322467574,3.229129076,0.139381619
"Thailand","2010",13486.5624149548,6.216702938,-1.543059967
"Tunisia","2010",10436.3655998628,5.130520821,-0.253288796
"Turkey","2010",17959.2591065745,5.490347385,-0.803029352
"Uganda","2010",1515.86641152128,4.192882061,-1.042331176
"Ukraine","2010",7824.49845171438,5.057561398,-0.279444093
"United Arab Emirates","2010",57232.6180757649,7.097455502,1.194925368
"United Kingdom","2010",36366.9831782522,7.029364109,1.835044629
"United States","2010",49374.1788851797,7.16361618,0.090603866
"Uruguay","2010",17082.4046586765,6.062010765,2.367107809
"Uzbekistan","2010",4239.70220839215,5.095342159,-0.428018852
"Venezuela","2010",16544.9720552598,7.47845459,-0.877957465
"Vietnam","2010",4408.16861192198,5.295780659,-0.187725439
"Yemen","2010",4478.7435991429,4.35031271,-1.671989779
"Zimbabwe","2010",1474.87712795527,4.681569576,-1.292755123
"Afghanistan","2011",1660.73985617959,3.83171916,-2.068196854
"Albania","2011",10207.7646993323,5.867421627,0.853144791
"Algeria","2011",12990.345016498,5.317194462,0.014225512
"Angola","2011",5911.25409210655,5.589000702,-0.602733592
"Argentina","2011",19629.3518451916,6.775805473,0.448750869
"Armenia","2011",7022.10394338388,4.260491371,-0.126611318
"Australia","2011",41894.1730524786,7.405616283,1.959659448
"Austria","2011",44452.7327457999,7.470512867,1.924129241
"Azerbaijan","2011",15754.1523626148,4.680469513,-0.406738052
"Bahrain","2011",40164.5827403304,4.82397604,-0.61057455
"Bangladesh","2011",2570.85014525476,4.985649109,-1.333744642
"Belarus","2011",17166.6956434719,5.225307941,-0.023520589
"Belgium","2011",41248.725342013,7.111363888,2.303690967
"Benin","2011",1820.89469315629,3.870279551,0.526352026
"Bolivia","2011",5598.50844451487,5.778874397,0.732418489
"Bosnia and Herzegovina","2011",9901.61020154702,4.994670868,1.118162483
"Botswana","2011",13889.2704704923,3.519921064,1.624074345
"Brazil","2011",14973.0984736747,7.037816525,-1.243730826
"Bulgaria","2011",15676.1505350579,3.875382423,0.890708702
"Burkina Faso","2011",1472.71648241138,4.785367489,0.176403174
"Burundi","2011",771.509423734821,3.705894232,-1.14848399
"Cambodia","2011",2658.70924674351,4.161225319,-0.447352317
"Cameroon","2011",2969.0475747898,4.433885098,-0.264742421
"Canada","2011",41565.2712210369,7.426053524,2.277735399
"Central African Republic","2011",904.610485797435,3.677826405,-1.588829945
"Chad","2011",1863.84560539765,4.393482208,-0.90935459
"Chile","2011",20437.704525923,6.526334763,0.906115352
"China","2011",10384.3665989406,5.037207603,-1.576521405
"Colombia","2011",11496.4777054381,6.463952541,-1.469478286
"Comoros","2011",1414.61172325694,3.838485956,1.813651523
"Congo","2011",5213.94692099844,4.509824276,0.283816664
"Costa Rica","2011",13397.2305422386,7.228888512,1.312193311
"Croatia","2011",20750.4433202401,5.385372639,2.397687898
"Cyprus","2011",33192.3798467826,6.689608574,1.378570062
"Czech Republic","2011",28797.4179611691,6.331490993,2.751020075
"Democratic Republic of Congo","2011",682.43215537283,4.516963959,-2.349249538
"Denmark","2011",44403.3941459257,7.78823185,2.789853172
"Djibouti","2011",2705.40558882684,4.369193554,0.214404182
"Dominican Republic","2011",11333.5470863931,5.396535397,-0.841908615
"Ecuador","2011",9926.90344109607,5.795088291,0.232959656
"Egypt","2011",9823.82328675711,4.174158573,-1.34041904
"El Salvador","2011",6511.44372701893,4.741294861,0.123173557
"Estonia","2011",24543.0674715452,5.486819744,2.270447776
"Finland","2011",40683.5275821703,7.354225159,2.980379941
"France","2011",37440.6414948094,6.959185123,1.64694481
"Gabon","2011",15893.5477170288,4.255400658,0.757449815
"Georgia","2011",7315.0908976643,4.203030586,0.141781089
"Germany","2011",42692.5197566424,6.621312141,2.685135872
"Ghana","2011",3404.45956595241,5.608199596,-0.043121973
"Greece","2011",26141.3195918975,5.372039795,0.645393224
"Guatemala","2011",6844.4956401592,5.743353844,0.162890043
"Guinea","2011",1625.56027314058,4.044569492,-0.471751883
"Haiti","2011",1562.27887385753,4.844573975,0.130252551
"Honduras","2011",4046.07625166556,4.961031437,-0.407792449
"Hungary","2011",22841.2103381104,4.917602539,1.320830001
"India","2011",4635.87913658849,4.634871483,-1.877023294
"Indonesia","2011",8837.82012171405,5.172608376,-0.525449692
"Iran","2011",18192.1055960586,4.767507076,-1.641229964
"Iraq","2011",13261.6014514347,4.725366116,-1.805079614
"Ireland","2011",45147.3762396776,7.006904125,2.299724265
"Israel","2011",30558.3912790325,7.433147907,-1.467256822
"Italy","2011",36347.3424784176,6.057086468,0.965121778
"Jamaica","2011",8099.15557308659,5.374446392,-0.694241313
"Japan","2011",35774.6967129559,6.262793541,1.907325055
"Jordan","2011",9214.20662405696,5.539327621,-0.468096317
"Kazakhstan","2011",21276.9340240625,5.735662937,-0.378061078
"Kenya","2011",2556.96287205963,4.405310154,-0.803764703
"Kuwait","2011",77459.5383056761,6.377699375,0.803365243
"Kyrgyzstan","2011",2920.6032099095,4.921049118,-0.566397376
"Laos","2011",4495.1521504627,4.703749657,0.78103842
"Latvia","2011",19773.3837201521,4.966811657,1.33172558
"Lebanon","2011",15693.6872834493,5.187571526,-0.188441903
"Lesotho","2011",2500.0148712682,4.89751482,0.862482566
"Lithuania","2011",22854.33217107,5.43243742,1.610542189
"Luxembourg","2011",92005.0168361444,7.101400375,5.109994259
"Macedonia","2011",11611.8519850904,4.898180008,0.750458222
"Madagascar","2011",1367.54308214294,4.381415367,-0.615454795
"Malawi","2011",1051.18599619662,3.946062565,0.149657462
"Malaysia","2011",21818.8756940003,5.786367416,0.281371826
"Mali","2011",1874.70303010183,4.666832924,0.90295549
"Malta","2011",28618.5025877957,6.154718399,2.443989129
"Mauritania","2011",3371.99458202082,4.784804344,0.128622912
"Mauritius","2011",16561.7709831855,5.477073193,1.064904775
"Mexico","2011",16049.3642444704,6.909515381,-1.244138685
"Moldova","2011",4179.21480881512,5.792262554,0.243062505
"Mongolia","2011",8881.48475043728,5.031173706,0.585715048
"Montenegro","2011",14472.4735391199,5.223116875,1.340559692
"Morocco","2011",6688.40260633548,5.084972858,-0.240834279
"Mozambique","2011",954.799116244546,4.971111774,-0.283190365
"Nepal","2011",2031.08746466776,3.809444666,-0.823444542
"Netherlands","2011",46066.6524059576,7.563797951,3.31016509
"New Zealand","2011",32734.5366666969,7.190638065,3.350062075
"Nicaragua","2011",4231.49751775883,5.385705471,0.087690096
"Niger","2011",801.604231148649,4.555829525,0.063220494
"Oman","2011",42121.4319219198,6.852982044,1.059049426
"Pakistan","2011",4309.76371307112,5.267186165,-2.375828303
"Panama","2011",17093.8399788617,7.24808073,1.252707482
"Paraguay","2011",7504.65364401771,5.677080631,0.356309421
"Peru","2011",10449.0932552031,5.892457485,0.1181866
"Philippines","2011",5707.20484248535,4.993956566,-1.599108713
"Poland","2011",22850.6388460286,5.646204948,1.500000556
"Portugal","2011",26780.2149060404,5.219997883,1.232780586
"Qatar","2011",129349.916351584,6.591604233,1.833647516
"Romania","2011",17997.8841310604,5.02275753,0.717440213
"Russia","2011",24310.0439655517,5.388766289,-1.545129519
"Rwanda","2011",1436.86893683665,4.097435951,-0.227401556
"Saudi Arabia","2011",48524.6324875473,6.699789524,-0.880860302
"Senegal","2011",2158.18118164724,3.834201574,0.156109684
"Sierra Leone","2011",1246.25278946773,4.501643658,0.540399575
"Singapore","2011",75113.2045300368,6.561041832,1.855306254
"Slovakia","2011",25835.0047572051,5.945048332,1.647881621
"Slovenia","2011",28804.7015194266,6.035964012,2.958248454
"South Africa","2011",12118.7378564659,4.930511475,-0.726485312
"South Korea","2011",31228.5106952266,6.946599007,1.505320821
"Spain","2011",32068.2709273108,6.518249035,1.521917292
"Sri Lanka","2011",9193.35950890696,4.180569172,-1.716034303
"Sudan","2011",3631.66345577089,4.314456463,-2.819642072
"Swaziland","2011",7323.99766548019,4.867091179,-0.194273516
"Sweden","2011",43755.0604392612,7.382232189,2.518733101
"Tajikistan","2011",2211.75382192544,4.262671471,0.046621613
"Tanzania","2011",2186.13158170674,4.073562145,0.058613864
"Thailand","2011",13535.1332681194,6.663609028,-1.469654357
"Togo","2011",1233.834912194,2.936220884,0.135364202
"Trinidad and Tobago","2011",31012.7164187128,6.518745899,0.597409048
"Tunisia","2011",10120.6771726065,4.87648201,-0.100358054
"Turkey","2011",19660.8894895655,5.271944046,-0.819673072
"Turkmenistan","2011",11212.5385130967,5.791754723,-0.381491279
"Uganda","2011",1602.54481121908,4.826001167,-0.954991165
"Ukraine","2011",8281.86712612352,5.083132744,-0.399817388
"United Arab Emirates","2011",58363.6782159597,7.118701458,1.071888034
"United Kingdom","2011",36607.9810897257,6.869248867,2.008789033
"United States","2011",49793.7135249201,7.115138531,0.148829899
"Uruguay","2011",17904.7458255325,6.554047108,2.436486793
"Uzbekistan","2011",4469.99748445762,5.738744259,-0.47730877
"Venezuela","2011",16981.3354907118,6.579789162,-0.84467264
"Vietnam","2011",4632.76596523658,5.767344475,-0.216923957
"Yemen","2011",3805.23791665455,3.746255636,-1.703438826
"Zambia","2011",3361.11206867093,4.99911356,-0.384099912
"Zimbabwe","2011",1667.13794278369,4.845641613,-1.157805501
"Afghanistan","2012",1839.27357927778,3.782937527,-2.085661939
"Albania","2012",10369.8233819184,5.510124207,0.795766917
"Algeria","2012",13161.9616734309,5.604595661,0.244348646
"Angola","2012",5999.90210602209,4.360249996,-0.650550379
"Argentina","2012",19224.8743997107,6.468387127,0.641148885
"Armenia","2012",7511.13248214738,4.319711685,-0.048950444
"Australia","2012",42754.4562863267,7.195585728,1.982604356
"Austria","2012",44551.6175741173,7.400688648,2.039190006
"Azerbaijan","2012",15888.2179950886,4.910771847,-0.41614583
"Bahrain","2012",40960.3331839838,5.027186871,-0.530320419
"Bangladesh","2012",2706.58674530986,4.724443913,-1.330120381
"Belarus","2012",17479.9293997571,5.749043465,0.00176659
"Belgium","2012",41046.481185763,6.935122013,2.423556635
"Benin","2012",1855.95311837934,3.193468809,0.755041462
"Bolivia","2012",5792.93305144957,6.018894672,0.773268224
"Bosnia and Herzegovina","2012",9929.70728327081,4.773144722,1.138867677
"Botswana","2012",14244.4943119099,4.835938931,1.584464485
"Brazil","2012",15119.9121381768,6.660003662,-1.343510926
"Bulgaria","2012",15772.0965861223,4.222297192,1.108167707
"Burkina Faso","2012",1521.45429478715,3.95500803,0.293737105
"Cambodia","2012",2807.00705507884,3.898706913,-0.44970022
"Cameroon","2012",3021.20596968087,4.244634151,-0.302137538
"Canada","2012",41794.5389176845,7.415144444,2.432875425
"Chad","2012",1962.87772988916,4.03297472,-0.722800309
"Chile","2012",21330.2399109073,6.599128723,0.919888442
"China","2012",11145.7515754935,5.094917297,-1.521475903
"Colombia","2012",11840.2404334565,6.374879837,-1.297396213
"Comoros","2012",1422.2294867712,3.955640316,1.794043891
"Congo","2012",5271.16806023104,3.919341803,0.035912125
"Costa Rica","2012",13878.0474026459,7.272250175,1.249971291
"Croatia","2012",20346.7553456348,6.027634621,2.42031966
"Cyprus","2012",31690.7027653422,6.180507183,1.3049042
"Czech Republic","2012",28527.1387345992,6.334149361,2.809864293
"Democratic Republic of Congo","2012",706.797963756204,4.63922739,-2.460917091
"Denmark","2012",44336.8124612297,7.519909382,2.848264678
"Dominican Republic","2012",11494.9497125256,4.753311157,-0.644587412
"Ecuador","2012",10322.1789023463,5.960716248,0.338194093
"Egypt","2012",9822.42018054691,4.204156876,-1.274246455
"El Salvador","2012",6663.81162246577,5.934371471,0.180745955
"Estonia","2012",25691.9996357991,5.363927841,2.397244536
"Ethiopia","2012",1230.57548379087,4.561168671,-1.094243603
"Finland","2012",39912.9413580065,7.420209408,3.024949424
"France","2012",37327.9444016171,6.649365425,1.67627897
"Gabon","2012",16159.7218498264,3.97205925,0.74754888
"Georgia","2012",7881.32904812669,4.254445553,0.330512988
"Germany","2012",42822.0994035797,6.702362061,2.740077907
"Ghana","2012",3632.4456798839,5.057261944,0.128199517
"Greece","2012",24364.2690631745,5.096354008,0.810320553
"Guatemala","2012",6899.10873916764,5.855717182,0.260491637
"Guinea","2012",1684.15384076647,3.651554823,-0.404178167
"Haiti","2012",1584.832465652,4.413475037,0.121123719
"Honduras","2012",4136.82205775887,4.602218151,-0.324173795
"Hungary","2012",22582.0728072234,4.683358192,1.3135317
"Iceland","2012",39931.6093631367,7.590660095,4.916415859
"India","2012",4827.5596557662,4.720146656,-1.820635353
"Indonesia","2012",9251.17553694602,5.36777401,-0.500202479
"Iran","2012",16625.9192212313,4.608927727,-1.480296191
"Iraq","2012",14625.9740102981,4.659508705,-1.979585103
"Ireland","2012",44973.1752551923,6.964645386,2.414400025
"Israel","2012",30582.1537050861,7.110854626,-1.448193101
"Italy","2012",35227.6248251817,5.839313984,1.044769627
"Japan","2012",36367.5970553161,5.968216419,1.88774619
"Jordan","2012",8964.2634312104,5.131996155,-0.383367689
"Kazakhstan","2012",21986.3189159298,5.759469509,-0.374138929
"Kenya","2012",2602.59768726764,4.547335148,-0.991762197
"Kuwait","2012",77618.000344705,6.221094608,0.77697093
"Kyrgyzstan","2012",2869.83896203769,5.207785606,-0.510822153
"Laos","2012",4794.10861125859,4.876084805,0.819368873
"Latvia","2012",20827.9116046572,5.125025272,1.447498333
"Lebanon","2012",15057.2870260009,4.572566986,-0.246301795
"Libya","2012",24956.3751492994,5.754394054,-1.754992097
"Lithuania","2012",24049.353977837,5.771037102,1.635998795
"Luxembourg","2012",89505.1589621295,6.964097023,5.112534242
"Macedonia","2012",11549.6681358951,4.639647484,0.776882647
"Madagascar","2012",1370.95027466491,3.550609589,-0.629743101
"Malawi","2012",1039.75935944407,4.279269695,0.240950487
"Malaysia","2012",22590.7915238531,5.914283752,0.229149476
"Mali","2012",1804.94260440098,4.313016891,-0.987328274
"Malta","2012",29131.7309126448,5.962872028,2.53759167
"Mauritania","2012",3462.56176015693,4.673203945,0.251696382
"Mexico","2012",16394.6306748922,7.320185184,-1.316280987
"Moldova","2012",4150.50476317761,5.995712757,0.309172752
"Mongolia","2012",9788.82502176457,4.885150433,0.713212646
"Montenegro","2012",14066.4356048217,5.218724251,1.303181614
"Morocco","2012",6791.3351346285,4.969656467,-0.155028797
"Myanmar","2012",4148.69819576985,4.438939571,-2.10679943
"Nepal","2012",2103.35363783625,4.233244896,-0.392936035
"Netherlands","2012",45411.3523464895,7.470715523,3.323501669
"New Zealand","2012",33369.2694611882,7.249629974,3.376378527
"Nicaragua","2012",4453.25351745962,5.448006153,0.083524216
"Niger","2012",862.866399687793,3.798088312,0.136976825
"Nigeria","2012",5339.45166805228,5.492954254,-2.020130425
"Norway","2012",63003.4108977463,7.678277016,3.97089468
"Pakistan","2012",4367.45199617273,5.131565094,-2.371597951
"Panama","2012",18441.3515076818,6.859835625,1.249294882
"Paraguay","2012",7312.40983024362,5.820058346,0.417301009
"Peru","2012",10943.9192691962,5.824557304,-0.006816232
"Philippines","2012",5988.80438781105,5.001965046,-1.545445684
"Poland","2012",23218.1112952256,5.87593174,1.591678753
"Portugal","2012",25805.8498346706,4.993962288,1.299603747
"Qatar","2012",125302.08000142,6.611298561,1.721653915
"Romania","2012",18302.0262899717,5.166874886,0.837630347
"Russia","2012",25156.4209403618,5.620735645,-1.449018637
"Rwanda","2012",1521.62644779076,3.333047867,-0.179980577
"Saudi Arabia","2012",49658.6526994629,6.396359444,-0.751735882
"Senegal","2012",2187.17908969923,3.668736935,0.17100343
"Slovakia","2012",26218.4716043616,5.91105938,1.785528997
"Slovenia","2012",27976.9163065514,6.062891006,3.004418446
"South Africa","2012",12215.2518670855,5.133887768,-0.81886387
"South Korea","2012",31776.8970259682,6.003286839,1.502197158
"Spain","2012",31109.1874649142,6.290690422,1.571123668
"Sri Lanka","2012",9980.02295248445,4.224593163,-1.480404408
"Sudan","2012",4097.06862211094,4.550499439,-2.724031616
"Suriname","2012",15132.2526091695,6.269286633,1.234205592
"Sweden","2012",43308.2144684442,7.560147762,2.587338247
"Switzerland","2012",56149.6708620093,7.776208878,2.127050234
"Tajikistan","2012",2324.36928688114,4.496571541,-0.179582031
"Tanzania","2012",2227.8287135784,4.006897449,0.015926737
"Thailand","2012",14448.3050078354,6.300235271,-1.399779635
"Tunisia","2012",10404.2240863288,4.463531017,0.02989253
"Turkey","2012",20282.0283759489,5.309076309,-0.861496928
"Turkmenistan","2012",12235.3686156727,5.463827133,-0.4296804
"Uganda","2012",1608.43979938337,4.309237957,-0.699797561
"Ukraine","2012",8322.17303436674,5.030342102,-0.53768488
"United Arab Emirates","2012",59419.0894908505,7.217766762,0.728590739
"United Kingdom","2012",36892.8503113158,6.880784035,2.127107724
"United States","2012",50520.348289879,7.026226997,0.176296268
"Uruguay","2012",18477.3791250118,6.449728489,2.533155852
"Uzbekistan","2012",4765.86010917962,6.019331932,-0.519790866
"Venezuela","2012",17678.81249659,7.066577435,-0.906140385
"Vietnam","2012",4821.13723082384,5.53456974,-0.295803703
"Yemen","2012",3793.41211814511,4.060600758,-1.546747095
"Zambia","2012",3509.41331946289,5.013374805,-0.336068502
"Zimbabwe","2012",1871.36634027199,4.955100536,-1.034133195
"Afghanistan","2013",1848.70002621394,3.572100401,-2.224289798
"Albania","2013",10492.8062825121,4.550647736,0.809585676
"Angola","2013",6188.0037558835,3.937106848,-0.755334837
"Argentina","2013",19482.190295091,6.582260132,0.623128524
"Armenia","2013",7727.92909156213,4.277191162,-0.027409156
"Australia","2013",43118.0861274364,7.364169121,1.94991564
"Austria","2013",44301.104028751,7.498802662,2.10191756
"Azerbaijan","2013",16593.1887600482,5.481178284,-0.412229376
"Bahrain","2013",42680.2013445965,6.689711094,-0.464575588
"Bangladesh","2013",2835.76661976407,4.660161018,-1.395240097
"Belarus","2013",17656.1193383189,5.876466274,-0.017013317
"Belgium","2013",40928.136605999,7.10366106,2.521138426
"Benin","2013",1934.64910749687,3.479412794,0.784675916
"Bhutan","2013",7070.79246817221,5.569091797,1.21236756
"Bolivia","2013",6090.69557009272,5.767428875,0.813964404
"Bosnia and Herzegovina","2013",10284.7845506136,5.123664379,1.101604641
"Botswana","2013",15568.2733737967,4.128298759,1.653222338
"Brazil","2013",15432.8936308141,7.140282631,-1.384681177
"Bulgaria","2013",15997.3568038333,3.993020535,1.012998956
"Burkina Faso","2013",1562.30470766267,3.325949669,0.102733406
"Cambodia","2013",2964.19717041472,3.674466848,-0.454882948
"Cameroon","2013",3100.17130995318,4.271038055,-0.468650613
"Canada","2013",42339.3788754169,7.593793869,2.552695347
"Chad","2013",2007.07731906164,3.507663012,-0.616765395
"Chile","2013",21998.3071454324,6.74015379,0.946009118
"China","2013",11951.2479591608,5.241090298,-1.476786772
"Colombia","2013",12296.2955351848,6.606550694,-1.268969359
"Congo","2013",5317.08629189111,3.954950571,-0.387266356
"Costa Rica","2013",14035.2879800483,7.158000469,1.244716357
"Cote d'Ivoire","2013",2879.85021688847,3.739365578,-0.774052368
"Croatia","2013",20271.2801257632,5.885462761,2.422953627
"Cyprus","2013",29879.5672096594,5.438952446,1.363773794
"Czech Republic","2013",28379.7461179156,6.697655678,2.873983479
"Democratic Republic of Congo","2013",741.618430150658,4.497477055,-2.445316256
"Denmark","2013",44564.4521554649,7.588606834,2.900755056
"Dominican Republic","2013",11907.2048572126,5.015515327,-0.49663924
"Ecuador","2013",10665.4625828373,6.019206047,0.529285403
"Egypt","2013",9814.21213021382,3.558520317,-1.521735635
"El Salvador","2013",6789.86000305449,6.325063229,0.183209435
"Estonia","2013",26282.9088374806,5.367445946,2.48890831
"Ethiopia","2013",1325.75513657039,4.44482708,-1.063872694
"Finland","2013",39428.3120606313,7.444635868,3.067922194
"France","2013",37350.2782677477,6.66712141,1.743397979
"Gabon","2013",16503.0683638231,3.800287008,0.714227645
"Georgia","2013",8254.01076569103,4.348920822,0.749175617
"Germany","2013",42914.4761126655,6.965125084,2.797911315
"Ghana","2013",3807.34265346415,4.965053082,0.280421732
"Greece","2013",23746.0845699961,4.720251083,0.981705426
"Guatemala","2013",7005.02692845274,5.984601498,0.399469546
"Guinea","2013",1711.70899444374,3.901793003,-0.329146386
"Haiti","2013",1629.35891818513,4.62196207,0.186740475
"Honduras","2013",4177.58027107278,4.713358402,-0.358866661
"Hungary","2013",23119.0169671733,4.914466858,1.302280778
"Iceland","2013",41259.7959649764,7.501394272,4.93205689
"India","2013",5073.60548933396,4.427788734,-1.729045436
"Indonesia","2013",9643.2748298101,5.292237759,-0.481149402
"Iran","2013",16383.2603498943,5.139579296,-1.300628333
"Iraq","2013",15223.5827145837,4.725017071,-2.257142578
"Ireland","2013",45470.1585067362,6.760085106,2.507434374
"Israel","2013",31250.8020070636,7.320563316,-1.408923212
"Italy","2013",34219.8327781897,6.009373665,1.044942697
"Jamaica","2013",8025.47136114805,5.708886623,-0.464601127
"Japan","2013",37148.6027499704,5.959361553,1.980075239
"Jordan","2013",8756.71083942167,5.171952724,-0.280806963
"Kazakhstan","2013",22972.4310316037,5.835483074,-0.352339439
"Kenya","2013",2683.04583290269,3.795383215,-1.054224099
"Kuwait","2013",74084.5214359763,6.480031013,0.747728389
"Kyrgyzstan","2013",3120.542044125,5.40242672,-0.471901722
"Latvia","2013",21563.7214275874,5.069770336,1.601106459
"Lebanon","2013",14400.6408049367,4.983288765,-0.265435879
"Lithuania","2013",25143.9151132396,5.595689297,1.750122304
"Luxembourg","2013",90656.3804221873,7.130809307,5.132404515
"Macedonia","2013",11877.7736807697,5.186190605,0.80007749
"Madagascar","2013",1364.34590907905,3.815607071,-0.54436174
"Malawi","2013",1062.16494063487,4.035084248,0.370557512
"Malaysia","2013",23224.1884369621,5.770199776,0.11947117
"Mali","2013",1793.72366558663,3.676277161,-1.201327634
"Malta","2013",30050.1311421569,6.379924774,2.60944372
"Mauritania","2013",3565.5219994799,4.199015141,0.327668843
"Mexico","2013",16385.0596087185,7.442546368,-1.330873234
"Moldova","2013",4541.86822214577,5.75605917,0.433787133
"Mongolia","2013",10720.0621460769,4.912928104,0.658269872
"Montenegro","2013",14551.4467117944,5.074341774,1.253608237
"Morocco","2013",6995.93818558948,5.142160416,0.008048532
"Myanmar","2013",4457.90132904328,4.175670624,-2.036025098
"Nepal","2013",2163.95048949901,4.604576588,0.278340638
"Netherlands","2013",45191.4862497619,7.406550407,3.353783518
"New Zealand","2013",33782.1008208516,7.280151844,3.398169164
"Nicaragua","2013",4618.72719135384,5.772274971,0.038324478
"Niger","2013",874.078755854707,3.716329813,-0.027536129
"Nigeria","2013",5479.05833923557,4.81786871,-1.973542489
"Pakistan","2013",4464.09028934546,5.138082504,-2.301842336
"Panama","2013",19377.9056188575,6.86648035,1.408409018
"Paraguay","2013",8227.21471339602,5.936240673,0.46563376
"Peru","2013",11430.2557839627,5.782557487,-0.025700665
"Philippines","2013",6306.74606641414,4.976925373,-1.50923764
"Poland","2013",23555.4962149534,5.746131897,1.814590008
"Portugal","2013",25654.6142954091,5.157688141,1.3679962
"Romania","2013",19018.870777865,5.081584454,0.954350735
"Russia","2013",25551.0899736309,5.537177563,-1.340147538
"Rwanda","2013",1552.75176890183,3.466387749,-0.216361268
"Saudi Arabia","2013",49537.5857290988,6.495132923,-0.692880734
"Senegal","2013",2195.96385449253,3.647367001,0.392453059
"Sierra Leone","2013",1655.12177901564,4.514291286,0.461932093
"Singapore","2013",78896.6126956642,6.53320694,1.897741189
"Slovakia","2013",26580.7178548938,5.936527252,1.804512775
"Slovenia","2013",27622.6855482922,5.974888802,3.04731408
"South Africa","2013",12339.7323984344,3.660727262,-0.787389524
"South Korea","2013",32548.7155154884,5.958809853,1.4789312
"Spain","2013",30678.9172969914,6.150027275,1.626534876
"Sri Lanka","2013",10238.7115357179,4.364694118,-1.221514849
"Sweden","2013",43475.8013408384,7.434010506,2.661254227
"Tajikistan","2013",2440.58695071238,4.966521263,-0.316872101
"Tanzania","2013",2316.44305958676,3.852394819,-0.06569358
"Thailand","2013",14771.4667544542,6.231024742,-1.21423194
"Trinidad and Tobago","2013",31405.4462731689,6.167706966,0.783849737
"Tunisia","2013",10579.1228847912,5.245604992,0.043214494
"Turkey","2013",21650.7567664874,4.888177395,-1.028613755
"Turkmenistan","2013",13236.0396490193,5.391762733,-0.474748097
"Uganda","2013",1610.8109132868,3.709578753,-0.535902825
"Ukraine","2013",8338.91505034601,4.710802555,-0.728674088
"United Arab Emirates","2013",61688.3802986273,6.620951176,0.192605254
"United Kingdom","2013",37398.7972183927,6.918055058,2.189545171
"United States","2013",51003.6859904151,7.249285221,0.3105401
"Uruguay","2013",19270.5760959696,6.444464684,2.611127558
"Uzbekistan","2013",5067.36026505121,5.939986229,-0.577394908
"Venezuela","2013",17665.2399979234,6.552796364,-0.874564612
"Vietnam","2013",5024.43890182073,5.022698879,-0.338296632
"Yemen","2013",3872.78535688239,4.217678547,-1.565374548
"Zambia","2013",3576.68069115885,5.243995667,-0.275692002
"Zimbabwe","2013",1929.7650013084,4.690187931,-0.832727673
"Afghanistan","2014",1838.96024371997,3.130895615,-2.223041889
"Albania","2014",10701.1207857986,4.813763142,0.818300073
"Algeria","2014",13483.3378622219,6.354898453,0.205283358
"Angola","2014",6257.15287433489,3.794837952,-0.762169317
"Argentina","2014",18797.5479465897,6.671114445,0.567474075
"Armenia","2014",7971.11792762162,4.453083038,-0.0650176
"Australia","2014",43547.1974836868,7.288550377,1.870017354
"Austria","2014",44320.5020125474,6.949999809,2.149750669
"Azerbaijan","2014",16715.1055213058,5.25153017,-0.412978466
"Bahrain","2014",43837.3440580026,6.165133953,-0.406627823
"Bangladesh","2014",2973.0415646346,4.635564804,-1.432471035
"Belarus","2014",17944.2098463253,5.812400818,0.07838484
"Belgium","2014",41360.3955755286,6.855329037,2.60904538
"Belize","2014",7999.57369198528,5.955646515,0.91838478
"Benin","2014",2001.0772890116,3.347419262,0.798154091
"Bhutan","2014",7366.42412644897,4.938578129,1.424167863
"Bolivia","2014",6324.82725807651,5.864798546,0.865370133
"Bosnia and Herzegovina","2014",10516.7864355965,5.248954296,1.153084824
"Botswana","2014",15914.6702328332,4.031197071,1.633936721
"Brazil","2014",15374.2615071807,6.980998993,-1.396206332
"Bulgaria","2014",16302.3205614307,4.438439846,0.952145573
"Burkina Faso","2014",1582.33369667322,3.481347799,0.009857981
"Burundi","2014",803.172837396172,2.904535055,-1.131658359
"Cambodia","2014",3124.31929344274,3.88330555,-0.258812985
"Cameroon","2014",3196.36152634263,4.240441322,-0.658785859
"Canada","2014",43079.1425247165,7.30425787,2.665994311
"Chad","2014",2076.65000798778,3.460182905,-0.546949163
"Chile","2014",22195.2743713617,6.844238281,1.015901797
"China","2014",12758.647789259,5.195619106,-1.460912032
"Colombia","2014",12715.9673914398,6.44878912,-1.156022661
"Congo","2014",5538.05294137178,4.05601263,-0.843139014
"Costa Rica","2014",14372.4007814474,7.247086048,1.31449496
"Cote d'Ivoire","2014",3054.53487386428,3.570368528,-0.599046834
"Croatia","2014",20334.4464738451,5.380692482,2.422911511
"Cyprus","2014",29786.1743939368,5.627123833,1.306478594
"Czech Republic","2014",29119.6166119074,6.483729839,2.921450209
"Democratic Republic of Congo","2014",785.347340663008,4.414299965,-2.32775973
"Denmark","2014",45057.0741699595,7.507559299,2.955964037
"Dominican Republic","2014",12663.0422473566,5.387331963,-0.383149544
"Ecuador","2014",10901.4185562194,5.945851803,0.606344498
"Egypt","2014",9879.79935855302,4.885072708,-1.578869953
"El Salvador","2014",6890.72322429183,5.856523514,0.287628982
"Estonia","2014",27113.6859213723,5.55598259,2.590892458
"Ethiopia","2014",1424.52698442707,4.506646633,-1.227540968
"Finland","2014",39017.5372069548,7.384571075,3.098383918
"France","2014",37523.7275771828,6.466867924,1.712667202
"Gabon","2014",16678.6381326502,3.918073177,0.658883614
"Georgia","2014",8749.15618927352,4.287508011,0.827879545
"Germany","2014",43560.6192440775,6.984214306,2.842128135
"Ghana","2014",3868.60089371873,3.860351086,0.311986541
"Greece","2014",24081.6305378246,4.75623703,0.768480731
"Guatemala","2014",7147.42922806486,6.536030769,0.407325608
"Guinea","2014",1734.73674695657,3.4124825,-0.213414119
"Haiti","2014",1652.85480345734,3.888778448,0.245045266
"Honduras","2014",4231.32506716223,5.055726051,-0.382062442
"Hungary","2014",24161.4255236519,5.18056345,1.294919523
"India","2014",5385.14181406703,4.424379349,-1.606374126
"Indonesia","2014",10003.0890293448,5.597375393,-0.452869189
"Iran","2014",16924.2006778247,4.682224274,-1.217485638
"Iraq","2014",14838.3829483763,4.541502476,-2.396167843
"Ireland","2014",48898.3286615603,7.018379211,2.583394268
"Israel","2014",31702.0835366295,7.400570393,-1.354732385
"Italy","2014",33945.8438783585,6.026585102,1.122921847
"Jamaica","2014",8051.24402830602,5.310538769,-0.385281029
"Japan","2014",37337.3174057788,5.922620773,2.020544264
"Jordan","2014",8622.18546801292,5.333021641,-0.147260318
"Kazakhstan","2014",23587.3375151466,5.970097542,-0.303577803
"Kenya","2014",2753.23613475312,4.904579639,-1.08176131
"Kuwait","2014",70832.3683645207,6.180138588,0.711452424
"Kyrgyzstan","2014",3181.64216292265,5.252192974,-0.436133679
"Latvia","2014",22172.2535081352,5.729115486,1.661753827
"Lebanon","2014",13831.3752293893,5.233025551,-0.246378865
"Liberia","2014",804.719886747093,4.571419239,0.713919932
"Lithuania","2014",26258.2100974103,6.125723839,1.801341803
"Luxembourg","2014",93655.3341630648,6.89112711,5.132357754
"Macedonia","2014",12298.4901835571,5.203825951,0.807114538
"Madagascar","2014",1372.02096124513,3.675626993,-0.498014498
"Malawi","2014",1090.3672076732,4.563080311,0.406583608
"Malaysia","2014",24194.6339084542,5.962921619,-0.087487822
"Mali","2014",1865.16062183071,3.974714279,-1.217229736
"Malta","2014",31846.1895357267,6.45211792,2.678981103
"Mauritania","2014",3655.38850923143,4.482805252,0.30404167
"Mauritius","2014",18255.8697234297,5.647779942,0.978640861
"Mexico","2014",16622.5970457658,6.679831028,-1.436056495
"Moldova","2014",4762.7808726743,5.917058468,0.469525191
"Mongolia","2014",11348.6473412397,4.824834824,0.577331093
"Montenegro","2014",14796.6353955591,5.282720566,1.285981393
"Myanmar","2014",4770.01209867368,4.786247253,-2.009322914
"Namibia","2014",9617.3969565111,4.573991299,1.174045185
"Nepal","2014",2266.18429824848,4.975014687,0.327196715
"Netherlands","2014",45668.4414721322,7.32118845,3.379513842
"New Zealand","2014",34455.3312172237,7.305892467,3.413182299
"Nicaragua","2014",4784.83046366078,6.275266647,0.066335309
"Niger","2014",904.456729989967,4.180943489,-0.134596181
"Norway","2014",63419.314778542,7.444470882,3.988130421
"Pakistan","2014",4576.2270153496,5.435657978,-2.131057425
"Panama","2014",20017.9943624961,6.631171227,1.930747585
"Paraguay","2014",8501.54353959203,5.118641853,0.750967048
"Peru","2014",11547.8342162709,5.865815639,0.080260188
"Philippines","2014",6585.89594870884,5.312550068,-1.507175509
"Poland","2014",24347.0736576846,5.750282288,1.916059894
"Portugal","2014",26023.6978492184,5.12691164,1.535163606
"Romania","2014",19677.5202527307,5.726893425,0.951095567
"Russia","2014",25284.5862019855,6.036976814,-1.338710389
"Rwanda","2014",1629.86886584829,3.595678329,-0.395467788
"Saudi Arabia","2014",49958.4433361471,6.27837801,-0.703309741
"Senegal","2014",2218.55191733521,4.394777298,0.485085585
"Sierra Leone","2014",1692.14206707555,4.499970436,0.629642533
"Singapore","2014",80903.5346542296,7.062364578,1.903532439
"Slovakia","2014",27285.284673711,6.1388731,1.770810067
"Slovenia","2014",28417.656441512,5.678395271,3.088613983
"South Africa","2014",12389.7146679241,4.828456402,-0.781815733
"South Korea","2014",33425.6895931418,5.801325321,1.317180138
"South Sudan","2014",1935.87940008879,3.831992388,-2.470332003
"Spain","2014",31195.4052422035,6.456477642,1.554567873
"Sri Lanka","2014",10650.3901782483,4.267932892,-1.06296287
"Sudan","2014",4188.33481399507,4.138672829,-2.639783267
"Sweden","2014",44167.6318669891,7.239147663,2.732822545
"Switzerland","2014",57218.0279263612,7.492803574,2.166702017
"Tajikistan","2014",2546.50048351137,4.896157742,-0.416121759
"Tanzania","2014",2402.0993456211,3.483278513,-0.109182649
"Thailand","2014",14857.202932021,6.985463619,-1.129616199
"Togo","2014",1315.3402595533,2.83895874,1.14540639
"Tunisia","2014",10767.0276518537,4.763594627,0.195484195
"Turkey","2014",22401.8804311394,5.579794407,-1.142141727
"Turkmenistan","2014",14332.3657698371,5.787379265,-0.528200448
"Uganda","2014",1637.27508138464,3.769919157,-0.414258568
"Ukraine","2014",8243.47351509088,4.297329903,-1.093450215
"United Arab Emirates","2014",63943.1858285789,6.539854527,0.122941604
"United Kingdom","2014",38251.7924802929,6.758147717,2.229615984
"United States","2014",51921.9846391384,7.151114464,0.377204806
"Uruguay","2014",19827.5649886027,6.561443806,2.679902139
"Uzbekistan","2014",5370.86580208835,6.049212456,-0.681276081
"Venezuela","2014",16745.0219796981,6.136096478,-0.974347044
"Vietnam","2014",5264.82809971072,5.084923267,-0.353091886
"Yemen","2014",3766.80525494897,3.967957973,-1.866784226
"Zambia","2014",3632.50375331402,4.345837116,-0.205907366
"Zimbabwe","2014",1925.138698418,4.184450626,-0.776669976
"Afghanistan","2015",1809.01648837218,3.982854605,-2.209409986
"Albania","2015",10970.4522447693,4.606650829,0.770308968
"Argentina","2015",19116.9079145132,6.69713068,0.703493784
"Armenia","2015",8195.93364956571,4.34831953,-0.008355856
"Australia","2015",43923.2582693466,7.309060574,1.728007868
"Austria","2015",44304.967756787,7.07644701,2.125101577
"Azerbaijan","2015",16698.8636532538,5.146774769,-0.404478693
"Bahrain","2015",43926.474036316,6.00737524,-0.360353752
"Bangladesh","2015",3132.56754015214,4.633473873,-1.430640122
"Belarus","2015",17229.5551904045,5.718907833,0.17297835
"Belgium","2015",41708.2123401731,6.904219151,2.657854365
"Benin","2015",1987.14191963108,3.624664307,0.839196714
"Bhutan","2015",7743.33799567847,5.082128525,1.463549287
"Bolivia","2015",6531.51939817124,5.834329128,0.939519447
"Bosnia and Herzegovina","2015",10932.4594822386,5.117177963,1.262064477
"Botswana","2015",15356.770924722,3.761964798,1.528103023
"Brazil","2015",14702.5912680317,6.546896935,-1.348548306
"Bulgaria","2015",17000.1780380679,4.865401268,0.871131469
"Burkina Faso","2015",1596.33458051996,4.418930054,-0.001446901
"Cambodia","2015",3290.95245385442,4.162164688,0.04584161
"Cameroon","2015",3289.06454559229,5.037964821,-0.750316863
"Canada","2015",43149.4758370305,7.412772655,2.73086047
"Chad","2015",2067.10132178618,4.322675228,-0.531250484
"Chile","2015",22516.6078575125,6.532749653,1.105979712
"China","2015",13569.8915267324,5.303877831,-1.427779137
"Colombia","2015",12985.3831345266,6.387571812,-1.057991974
"Congo","2015",5542.89298198573,4.690830231,-1.133023537
"Costa Rica","2015",14738.6076210904,6.854004383,1.446806201
"Cote d'Ivoire","2015",3241.61205578936,4.445038795,-0.517724525
"Croatia","2015",20983.9852751789,5.205438137,2.38451205
"Cyprus","2015",30549.1009696787,5.439161301,1.330776999
"Czech Republic","2015",30605.4205211471,6.608017445,2.958420632
"Democratic Republic of Congo","2015",812.403370091792,3.902741671,-2.252767769
"Denmark","2015",45458.697148831,7.514424801,2.992367279
"Dominican Republic","2015",13395.916802055,5.061862469,-0.265441963
"Ecuador","2015",10749.1288738874,5.964075089,0.539501677
"Egypt","2015",10095.6101677121,4.762538433,-1.521920384
"El Salvador","2015",7019.59178870445,6.018496037,0.299171463
"Estonia","2015",27549.5813697378,5.628908634,2.65260014
"Ethiopia","2015",1533.10763199973,4.573154926,-1.454481646
"Finland","2015",38941.7636030551,7.447925568,3.132060513
"France","2015",37766.3741116872,6.357625008,1.701819294
"Gabon","2015",16836.7834211625,4.66101265,0.510416604
"Georgia","2015",9025.13314265612,4.121940613,0.846684616
"Germany","2015",43937.9471317278,7.037137508,2.885492345
"Ghana","2015",3926.70904479081,3.985916138,0.261105448
"Greece","2015",24170.3018369872,5.622519016,0.677320681
"Guatemala","2015",7292.71910386634,6.464986801,0.399900226
"Guinea","2015",1758.31559527158,3.504693508,-0.033820385
"Haiti","2015",1651.22844549164,3.569762468,0.393452026
"Honduras","2015",4319.47011829831,4.845436573,-0.396133523
"Hungary","2015",25034.4507306605,5.34438324,1.230589319
"Iceland","2015",43048.1251452787,7.498070717,4.935846908
"India","2015",5756.66466489307,4.342079163,-1.534148696
"Indonesia","2015",10367.7019920006,5.04279995,-0.452999321
"Iran","2015",16500.9005123884,4.749955654,-1.27363114
"Iraq","2015",15072.8686710974,4.493377209,-2.483297524
"Ireland","2015",60818.0462398536,6.830125332,2.641242838
"Israel","2015",32024.3527705394,7.07941103,-1.203643406
"Italy","2015",34302.0374026544,5.847683907,1.243510096
"Japan","2015",37882.980624441,5.879684448,2.193433064
"Jordan","2015",8491.05031104045,5.404593468,-0.119572391
"Kazakhstan","2015",23524.0604446276,5.949995041,-0.220588016
"Kenya","2015",2835.99661032872,4.357617855,-1.048876739
"Kuwait","2015",68476.3250405689,6.146031857,0.551254004
"Kyrgyzstan","2015",3237.60293714448,4.905375957,-0.423392741
"Latvia","2015",23018.8161056707,5.880597591,1.716714957
"Lebanon","2015",13352.7133932764,5.171971321,-0.175278274
"Liberia","2015",785.246886654737,2.701591253,0.672864733
"Libya","2015",14847.1970524372,5.615404606,-1.78556806
"Lithuania","2015",27045.713019289,5.711378098,2.033613843
"Luxembourg","2015",94088.5922250508,6.701571465,5.139969963
"Macedonia","2015",12759.8166020197,4.975589752,0.757232754
"Madagascar","2015",1377.16821269101,3.592514038,-0.48199077
"Malawi","2015",1088.70180507011,3.86763835,0.480757201
"Malaysia","2015",25001.6126731494,6.322121143,-0.158530135
"Mali","2015",1919.2284214274,4.582098484,-1.218128308
"Malta","2015",34087.0815138045,6.61339426,2.731172296
"Mauritania","2015",3601.61422339351,3.922664165,0.207474008
"Mexico","2015",16938.6054057995,6.236287117,-1.416257597
"Moldova","2015",4746.78491111423,6.017472267,0.570957619
"Mongolia","2015",11411.9421058207,4.982719898,0.515045635
"Montenegro","2015",15289.7211914952,5.124921322,1.407429053
"Morocco","2015",7296.93440143191,5.163156986,0.15362771
"Mozambique","2015",1118.22284417198,4.549767494,-0.124549869
"Myanmar","2015",5056.85904071061,4.223846436,-2.087455273
"Nepal","2015",2314.27488100624,4.812436581,0.248990504
"Netherlands","2015",46494.3642578078,7.324437141,3.403767291
"New Zealand","2015",35309.8237244851,7.418120861,3.436048692
"Nicaragua","2015",4956.92129771835,5.924112797,0.03131259
"Niger","2015",908.176270909368,3.671453714,-0.40874637
"Nigeria","2015",5670.63944311027,4.932914734,-1.991060602
"Norway","2015",64008.2868303461,7.603433609,4.003241489
"Pakistan","2015",4695.69987892337,4.823194981,-1.819992069
"Panama","2015",20786.6596878595,6.605550289,2.090493239
"Paraguay","2015",8639.28684970737,5.559724331,0.888652987
"Peru","2015",11770.0344482345,5.577263355,0.549797382
"Philippines","2015",6874.58256551739,5.547489166,-1.673281729
"Poland","2015",25299.9743484897,6.007021904,1.919843394
"Portugal","2015",26607.8331233896,5.080866337,1.744048317
"Qatar","2015",119749.428536152,6.374529362,1.334556877
"Romania","2015",20556.0036423363,5.777491093,0.936614339
"Russia","2015",24516.5499502712,5.995538712,-1.22990028
"Rwanda","2015",1731.04342267746,3.483108997,-0.335730991
"Saudi Arabia","2015",50723.7126450691,6.345491886,-0.802856891
"Senegal","2015",2293.85353926578,4.61700058,0.663216652
"Sierra Leone","2015",1314.2737277159,4.908617973,0.678946756
"Singapore","2015",81741.096935529,6.619524956,1.870593536
"Slovakia","2015",28308.8797698535,6.162004471,1.579537068
"Slovenia","2015",29037.7416756681,5.740642071,3.118018215
"South Africa","2015",12377.6592598329,4.887325764,-0.90036766
"South Korea","2015",34177.6544703221,5.780211449,1.280601232
"South Sudan","2015",1875.38006599798,4.070771217,-2.550781174
"Spain","2015",32291.1551993266,6.380663395,1.432332097
"Sri Lanka","2015",11079.710677356,4.611606598,-0.714016031
"Sweden","2015",45679.2779973863,7.28892231,2.788415714
"Switzerland","2015",57264.1573970635,7.572136879,2.120268778
"Tajikistan","2015",2640.58951957932,5.124210835,-0.510017097
"Tanzania","2015",2490.95710056538,3.660597324,-0.102483181
"Thailand","2015",15252.2282530581,6.201762676,-1.149672846
"Togo","2015",1351.05396273243,3.768301964,1.033739628
"Tunisia","2015",10765.8862472411,5.131611824,0.206261789
"Turkey","2015",23388.4813019367,5.514465332,-1.392310541
"Turkmenistan","2015",14992.3231371601,5.791460037,-0.619194441
"Uganda","2015",1665.94990533102,4.237686634,-0.301012331
"Ukraine","2015",7464.93983359294,3.964542866,-1.266128262
"United Arab Emirates","2015",66569.4034144417,6.568397522,0.072446338
"United Kingdom","2015",38839.1669568199,6.515445232,2.224131178
"United States","2015",53005.6361464627,6.863946915,0.295493445
"Uruguay","2015",19831.4458985188,6.628080368,2.725540587
"Uzbekistan","2015",5700.23602764231,5.972364426,-0.70905282
"Vietnam","2015",5554.85805564661,5.076315403,-0.36747592
"Yemen","2015",2308.63658440647,2.982673883,-2.045437386
"Zambia","2015",3627.20204093772,4.843164444,-0.111683148
"Zimbabwe","2015",1912.28026054006,3.70319128,-0.850764442
"Afghanistan","2016",1802.69556548499,4.220168591,-2.242158992
"Albania","2016",11356.3413288171,4.511100769,0.832715796
"Algeria","2016",13921.1800218255,5.340853691,0.266477564
"Argentina","2016",18584.580004917,6.427221298,0.772082816
"Armenia","2016",8190.23928885988,4.325471878,-0.018915982
"Australia","2016",44493.4808943831,7.250080109,1.764648787
"Austria","2016",44464.3502683082,7.048071861,2.238807234
"Azerbaijan","2016",16001.3233967209,5.303894997,-0.395287543
"Bahrain","2016",43642.9725745003,6.169673443,-0.365935622
"Bangladesh","2016",3319.35280468543,4.5561409,-1.415778413
"Belarus","2016",16773.1935504926,5.177899361,0.151827521
"Belgium","2016",42083.6443038217,6.948936462,2.705304139
"Benin","2016",2009.61832073663,4.007357597,0.879200107
"Bolivia","2016",6707.95618414272,5.769723415,0.926801519
"Bosnia and Herzegovina","2016",11337.5702648861,5.180865288,1.158807887
"Botswana","2016",15727.167803336,3.498936653,1.315307089
"Brazil","2016",14077.1214085544,6.374817371,-1.211762193
"Bulgaria","2016",17794.5427573699,4.837560654,0.783854862
"Burkina Faso","2016",1642.32200318544,4.205634594,0.069173756
"Cambodia","2016",3465.12556490306,4.461259365,0.065817621
"Cameroon","2016",3346.81779272084,4.816232204,-0.837518006
"Canada","2016",43238.2596047198,7.244845867,2.768065017
"Central African Republic","2016",642.873494030895,2.693061113,-2.091850015
"Chad","2016",1878.37848258326,4.029350281,-0.567193769
"Chile","2016",22614.3936667162,6.579056263,1.074609972
"China","2016",14400.8850630561,5.32495594,-1.373546313
"Colombia","2016",13135.0098987578,6.233715057,-0.942922539
"Congo","2016",5250.86760824979,4.119493484,-1.24505154
"Costa Rica","2016",15195.001412292,7.135617733,1.458669314
"Cote d'Ivoire","2016",3424.96402094039,4.542545795,-0.465717291
"Croatia","2016",21799.9328108641,5.416875362,2.31595698
"Cyprus","2016",31331.3930028654,5.794618607,1.560546302
"Czech Republic","2016",31338.8752118175,6.735627174,2.985196893
"Democratic Republic of Congo","2016",805.064264107408,4.521935463,-2.339287158
"Denmark","2016",45991.2247756847,7.55778265,3.027619134
"Dominican Republic","2016",14120.2116371665,5.238698483,-0.289427548
"Ecuador","2016",10424.2641539122,6.115437508,0.551785976
"Egypt","2016",10324.1011436186,4.556740761,-1.502632878
"El Salvador","2016",7164.14349682179,6.139824867,0.265541697
"Estonia","2016",28109.81704489,5.649675369,2.693856272
"Ethiopia","2016",1608.29347611692,4.297848701,-1.882878972
"Finland","2016",39659.1660392991,7.659843445,3.149711566
"France","2016",38062.6397284874,6.475208759,1.741516558
"Gabon","2016",16756.6944675998,4.831764221,0.22139211
"Georgia","2016",9276.76624499826,4.448386192,0.850403706
"Germany","2016",44431.8228379944,6.873763084,2.919622159
"Ghana","2016",3982.76946707348,4.514411449,0.242690588
"Greece","2016",24211.7408896851,5.302619457,0.661766342
"Guatemala","2016",7368.61032177815,6.358916283,0.40829917
"Guinea","2016",1894.44129905562,3.602854729,0.105996736
"Haiti","2016",1654.17053675815,3.352300167,0.46514822
"Honduras","2016",4406.77353237576,5.648154736,-0.56420017
"Hungary","2016",25664.136004531,5.448901653,1.146193582
"Iceland","2016",45630.9381699818,7.510034561,4.939680747
"India","2016",6095.72279590336,4.179177284,-1.464509623
"Indonesia","2016",10766.3714478177,5.136325359,-0.428963563
"Iran","2016",18497.6743334441,4.652730942,-1.352054707
"Iraq","2016",16242.0690194963,4.412537098,-2.485334707
"Ireland","2016",63227.2079765883,7.04073143,2.692258146
"Israel","2016",32688.4081041526,7.159010887,-1.041044638
"Italy","2016",34655.2627627333,5.95452404,1.266655366
"Japan","2016",38282.5046733349,5.954650879,2.324607169
"Jordan","2016",8389.60457395155,5.27128458,0.025578809
"Kazakhstan","2016",23447.015704281,5.533551693,-0.21370597
"Kenya","2016",2926.53250207873,4.396127701,-1.077044354
"Kuwait","2016",68861.7920978832,5.947194576,0.642431047
"Kyrgyzstan","2016",3309.85992947551,4.856534004,-0.400764436
"Latvia","2016",23743.2578198778,5.940446377,1.976238044
"Lebanon","2016",13267.8856986827,5.27072382,-0.164799917
"Lesotho","2016",2736.3548946839,3.808204889,0.160672468
"Liberia","2016",753.557379048622,3.354676008,0.839729763
"Libya","2016",14298.4550473411,5.43358326,-1.873020236
"Lithuania","2016",28033.8739289417,5.865552425,2.172324303
"Luxembourg","2016",94920.9587222948,6.967340946,5.131961889
"Macedonia","2016",13120.8725132858,5.34574604,0.82294828
"Madagascar","2016",1396.6696154848,3.663085938,-0.353940273
"Malawi","2016",1083.80142082959,3.476492643,0.430320964
"Mali","2016",1971.08447950848,4.016027927,-1.200032587
"Malta","2016",35058.4307800792,6.590842247,2.776224211
"Mauritania","2016",3572.28039224539,4.472149372,0.02146447
"Mauritius","2016",19567.4896610354,5.610003471,0.954573468
"Mexico","2016",17206.6343224392,6.824172974,-1.41717028
"Moldova","2016",4963.39834391968,5.577784061,0.584225488
"Mongolia","2016",11361.0064180842,5.056999683,0.490680131
"Montenegro","2016",15737.0249188206,5.304066181,1.607445263
"Morocco","2016",7285.90832106945,5.38630724,0.229501136
"Myanmar","2016",5305.04713749719,4.623119831,-2.387020083
"Nepal","2016",2297.65253885535,5.099539757,0.27033948
"Netherlands","2016",47269.6329521216,7.540877342,3.411186958
"New Zealand","2016",35776.5717269995,7.225687981,3.443125388
"Nicaragua","2016",5130.58029479392,6.012739658,0.093877863
"Niger","2016",917.140115923232,4.234645844,-0.495613393
"Nigeria","2016",5434.73479515868,5.219567776,-1.984626632
"Norway","2016",64159.544250136,7.596331596,4.005589025
"Pakistan","2016",4857.16871756739,5.548508167,-1.636167472
"Panama","2016",21472.6901894809,6.117638111,2.1785923
"Paraguay","2016",8871.37954006657,5.801380157,0.89817413
"Peru","2016",12082.1680106024,5.700628757,0.694907236
"Philippines","2016",7233.20610317139,5.430832863,-2.159560502
"Poland","2016",26035.8379036022,6.162076473,1.855492242
"Portugal","2016",27124.155038865,5.446637154,1.831224485
"Romania","2016",21670.7047886072,5.96887064,0.939703019
"Russia","2016",24416.6238784033,5.85494566,-1.275741587
"Rwanda","2016",1790.25475455162,3.332989931,-0.664384194
"Saudi Arabia","2016",50423.0134931014,6.473921299,-0.938049696
"Senegal","2016",2379.45126362328,4.59453392,0.764027056
"Sierra Leone","2016",1363.86357140879,4.732953072,0.670985385
"Singapore","2016",82621.5031826688,6.033480644,1.717980512
"Slovakia","2016",29212.3781979582,5.993163109,1.66487237
"Slovenia","2016",29930.037038675,5.936821461,3.135206954
"South Africa","2016",12286.6971248333,4.769739628,-1.001175382
"South Korea","2016",35020.4115062331,5.970564365,1.230688987
"South Sudan","2016",1569.88834552626,2.888112307,-2.589389162
"Spain","2016",33320.3727243715,6.318612099,1.270750058
"Sweden","2016",46568.1771455909,7.368744373,2.822524093
"Switzerland","2016",57421.5485009872,7.458519936,2.036765586
"Tajikistan","2016",2762.58545284209,5.103721142,-0.62576996
"Tanzania","2016",2583.58967271423,2.90273428,-0.193168211
"Thailand","2016",15705.8065994744,6.07363987,-1.174653965
"Togo","2016",1388.49614248697,3.878578424,0.871736568
"Tunisia","2016",10761.5145274606,4.521453381,0.072653791
"Turkey","2016",23756.4842864984,5.326221943,-1.562562394
"Turkmenistan","2016",15648.3731140805,5.887051582,-0.621036548
"Uganda","2016",1687.08273624095,4.233261108,-0.325812015
"Ukraine","2016",7668.0557761534,4.028690338,-1.22003106
"United Arab Emirates","2016",67705.9493287962,6.83095026,0.22373951
"United Kingdom","2016",39309.3270821404,6.8242836,2.177344131
"United States","2016",53399.3591673623,6.803599834,0.256284362
"Uruguay","2016",20093.6322583515,6.171485424,2.755928596
"Uzbekistan","2016",6038.92829875491,5.892539024,-0.671498624
"Vietnam","2016",5837.62870356959,5.062267303,-0.365943352
"Yemen","2016",1479.14700530618,3.825630903,-2.096560044
"Zambia","2016",3652.15192618377,4.347543716,-0.104351181
"Zimbabwe","2016",1879.6281185511,3.7354002,-0.88308507
"Afghanistan","2017",1803.98748708124,2.66171813,-2.311016703
"Albania","2017",11803.4305936025,4.639548302,0.851179641
"Algeria","2017",13913.8393634819,5.248912334,0.354196847
"Argentina","2017",18933.9071474396,6.039330006,0.784109255
"Armenia","2017",8787.57993972036,4.287736416,0.106262163
"Australia","2017",44648.7099113362,7.25703764,1.753645266
"Austria","2017",45436.6858219914,7.293727875,2.275798607
"Azerbaijan","2017",15847.4188327529,5.152279377,-0.397757013
"Bahrain","2017",43290.7045180745,6.227320671,-0.373735987
"Bangladesh","2017",3523.98385062592,4.309771061,-1.422503477
"Belarus","2017",17167.9672600246,5.552915096,-0.02901722
"Belgium","2017",42658.57617009,6.928347588,2.729590384
"Benin","2017",2064.23633398033,4.853180885,0.883672664
"Bolivia","2017",6885.82857742035,5.65055275,0.993489422
"Bosnia and Herzegovina","2017",11713.8947839235,5.089902401,1.163504478
"Botswana","2017",15807.3735945626,3.504881144,1.214679585
"Brazil","2017",14103.4515313404,6.332929134,-1.167172456
"Bulgaria","2017",18563.3066168958,5.096901894,0.618488942
"Burkina Faso","2017",1703.10162867752,4.646891117,0.092185174
"Cambodia","2017",3645.06952060093,4.585842133,0.025049962
"Cameroon","2017",3364.92605635113,5.07405138,-0.931839823
"Canada","2017",44017.5909063335,7.414868355,2.791056339
"Central African Republic","2017",661.239967689311,3.475862026,-2.056797688
"Chad","2017",1768.15341090621,4.558937073,-0.515494095
"Chile","2017",22767.0371912423,6.320119381,1.127567152
"China","2017",15308.712122905,5.099061489,-1.298812854
"Colombia","2017",13254.9492184779,6.157341957,-0.892362842
"Congo","2017",4881.40574395234,4.883991241,-1.285834248
"Costa Rica","2017",15524.9945630542,7.22518158,1.586318505
"Cote d'Ivoire","2017",3601.00590113374,5.037734985,-0.439045513
"Croatia","2017",22669.796546633,5.343165874,2.178475169
"Cyprus","2017",32415.1322300794,6.062051296,1.523086737
"Czech Republic","2017",32605.9063265661,6.789567947,2.988253679
"Democratic Republic of Congo","2017",808.133213366763,4.311033249,-2.431054595
"Denmark","2017",46682.5147204669,7.593702316,3.036424591
"Dominican Republic","2017",14600.8605841474,5.605202675,-0.293057049
"Ecuador","2017",10581.9364286536,5.839518547,0.643758092
"Egypt","2017",10550.2064956646,3.929344177,-1.536419686
"El Salvador","2017",7292.45780376927,6.339318275,0.246425049
"Estonia","2017",29481.2518067978,5.938395977,2.713978606
"Ethiopia","2017",1729.9266389468,4.180315495,-1.950493427
"Finland","2017",40585.7210349228,7.788251877,3.154019291
"France","2017",38605.6708967878,6.635222435,1.868426729
"Gabon","2017",16562.4133558094,4.782382965,0.072854102
"Gambia","2017",1561.76684287663,4.117938995,0.641877161
"Georgia","2017",9745.07890399104,4.45077467,0.846184377
"Germany","2017",45229.2452947032,7.074324608,2.930530899
"Ghana","2017",4227.62984443235,5.481310844,0.23130234
"Greece","2017",24574.382476123,5.14824152,0.723140758
"Guatemala","2017",7423.80759192956,6.325118542,0.296720965
"Guinea","2017",1998.92571988235,4.873722553,0.002368991
"Haiti","2017",1653.17250369424,3.823865652,0.590256953
"Honduras","2017",4541.79525706075,6.019985676,-0.621338298
"Hungary","2017",26777.5607913953,6.065038681,1.089712178
"Iceland","2017",46482.9582874747,7.476213932,4.937323598
"India","2017",6426.67440634599,4.046111107,-1.394107965
"Indonesia","2017",11188.7440161175,5.098401546,-0.433937111
"Iran","2017",19082.619603326,4.716783047,-1.377935842
"Iraq","2017",15663.9860708075,4.462399006,-2.388372091
"Ireland","2017",67335.2934089652,7.060155392,2.718400896
"Israel","2017",33132.3203044888,7.331036091,-1.064022925
"Italy","2017",35220.0837894122,6.198870182,1.368498227
"Jamaica","2017",8193.57064989072,5.889759064,-0.026261613
"Japan","2017",39002.2233247384,5.910676479,2.370679835
"Jordan","2017",8337.489701029,4.808082581,0.145846286
"Kazakhstan","2017",24055.5883238545,5.882351398,-0.158347042
"Kenya","2017",2993.02844847527,4.475654125,-1.201222357
"Kuwait","2017",65530.5365781216,6.093905449,0.694287592
"Kyrgyzstan","2017",3393.47361284144,5.629536629,-0.403234839
"Laos","2017",6397.35982538814,4.623140812,0.91023329
"Latvia","2017",25063.8455453213,5.977817535,2.059508776
"Lebanon","2017",13367.5650219298,5.153989792,-0.23126407
"Lesotho","2017",2851.15275428862,3.795300722,0.2225541
"Liberia","2017",752.787839463112,4.424490929,0.978316668
"Libya","2017",17881.5093512674,5.646852493,-1.975751432
"Lithuania","2017",29524.2646006684,6.272940636,2.225502696
"Luxembourg","2017",94277.9653571589,7.061380863,5.129846482
"Macedonia","2017",13111.2135744255,5.233866692,0.848406672
"Madagascar","2017",1416.43950728464,4.078620434,-0.23040146
"Malawi","2017",1095.04208875801,3.416862965,0.435626128
"Mali","2017",2014.30586969334,4.741850376,-1.197660938
"Malta","2017",36513.323442225,6.675665855,2.803173634
"Mauritania","2017",3597.63253011137,4.678159714,-0.06432388
"Mauritius","2017",20292.7446336139,6.174117565,0.958180399
"Mexico","2017",17336.469071694,6.410299301,-1.423018386
"Moldova","2017",5189.97166016505,5.325530529,0.484552357
"Mongolia","2017",11840.8461179669,5.333850384,0.4774756
"Montenegro","2017",16409.2876960117,5.614798546,1.557095013
"Morocco","2017",7485.01295069865,5.312482834,0.335490756
"Mozambique","2017",1136.10256446235,4.279863358,-0.087209576
"Myanmar","2017",5591.5968799618,4.154341698,-2.467334008
"Namibia","2017",9541.80829205217,4.441306114,1.54286351
"Nepal","2017",2442.80394231834,4.736692429,0.261589965
"Netherlands","2017",48472.5445411531,7.458965302,3.410230213
"New Zealand","2017",36085.8427771972,7.32718277,3.445404703
"Nicaragua","2017",5321.44351591724,6.476356506,0.113044035
"Niger","2017",926.000141959658,4.615673542,-0.467373905
"Nigeria","2017",5338.45412665139,5.321928024,-2.058687075
"Norway","2017",64800.0573263061,7.578744888,4.003323819
"Pakistan","2017",5034.70775633353,5.830870628,-1.581048329
"Panama","2017",22267.0368216362,6.567658901,2.205342238
"Paraguay","2017",8827.01005811482,5.71329546,0.696920668
"Peru","2017",12236.7061519677,5.710936546,0.740837126
"Philippines","2017",7599.18806040387,5.594270229,-2.131015039
"Poland","2017",27216.4448774425,6.201268196,1.815505193
"Portugal","2017",27936.8960928735,5.711499214,1.939209809
"Romania","2017",23313.1993431851,6.089904785,0.936675539
"Russia","2017",24765.9536336261,5.578742981,-1.232211867
"Rwanda","2017",1854.21079087361,3.10837388,-0.670644255
"Saudi Arabia","2017",49045.4112618159,6.294282436,-0.995758828
"Senegal","2017",2470.57958207519,4.683024883,0.796011622
"Sierra Leone","2017",1390.30026748482,4.089562416,0.540344793
"Singapore","2017",85535.3832002,6.378437996,1.700365887
"Slovakia","2017",30155.1521229863,6.365509033,1.812497515
"Slovenia","2017",31400.8395120955,6.166837692,3.157118616
"South Africa","2017",12294.8761402351,4.513655186,-1.061342789
"South Korea","2017",35938.3742161469,5.873887062,1.228568362
"Spain","2017",34272.3603838191,6.230173111,1.191515174
"Sri Lanka","2017",11669.0766785045,4.330945492,-0.526460575
"Sweden","2017",46949.2830858792,7.286804676,2.83679292
"Switzerland","2017",57410.1658575199,7.473593235,2.10741004
"Tajikistan","2017",2896.91285075403,5.829234123,-0.688976106
"Tanzania","2017",2683.3040235534,3.347121239,-0.255901211
"Thailand","2017",16277.6711509397,5.938895226,-1.209087232
"Togo","2017",1429.81342674593,4.360805035,0.409906965
"Trinidad and Tobago","2017",28763.0707623686,6.191859722,0.90690385
"Tunisia","2017",10849.2973861625,4.124342918,0.101200869
"Turkey","2017",25129.3406487777,5.607262135,-1.62047259
"Turkmenistan","2017",16389.0233128331,5.229148865,-0.567468907
"Uganda","2017",1697.70651058028,4.000516891,-0.351118825
"Ukraine","2017",7894.39292578581,4.311067104,-1.219281904
"United Arab Emirates","2017",67293.4827590288,7.039419651,0.206362335
"United Kingdom","2017",39753.2438934915,7.103273392,2.221622899
"United States","2017",54225.4461231621,6.9917593,0.235332781
"Uruguay","2017",20551.4094200387,6.336009979,2.782269859
"Uzbekistan","2017",6253.10386034453,6.421447754,-0.588449175
"Vietnam","2017",6171.8841923362,5.175278664,-0.373983921
"Zambia","2017",3689.25082617978,3.932777405,-0.043186178
"Zimbabwe","2017",1899.77497716634,3.63830018,-0.74135666
